name_anime;url_char;name_char;role;url_actor;name_actor;Nationality
Fullmetal Alchemist: Brotherhood;https://myanimelist.net/character/11/Edward_Elric;Elric, Edward;Main;https://myanimelist.net/people/82/Romi_Park;Park, Romi;Japanese
Fullmetal Alchemist: Brotherhood;https://myanimelist.net/character/12/Alphonse_Elric;Elric, Alphonse;Main;https://myanimelist.net/people/8/Rie_Kugimiya;Kugimiya, Rie;Japanese
Fullmetal Alchemist: Brotherhood;https://myanimelist.net/character/68/Roy_Mustang;Mustang, Roy;Supporting;https://myanimelist.net/people/22/Shinichiro_Miki;Miki, Shinichiro;Japanese
Fullmetal Alchemist: Brotherhood;https://myanimelist.net/character/69/Maes_Hughes;Hughes, Maes;Supporting;https://myanimelist.net/people/63/Keiji_Fujiwara;Fujiwara, Keiji;Japanese
Fullmetal Alchemist: Brotherhood;https://myanimelist.net/character/351/Greed;Greed;Supporting;https://myanimelist.net/people/513/Yuuichi_Nakamura;Nakamura, Yuuichi;Japanese
Fullmetal Alchemist: Brotherhood;https://myanimelist.net/character/70/Riza_Hawkeye;Hawkeye, Riza;Supporting;https://myanimelist.net/people/152/Fumiko_Orikasa;Orikasa, Fumiko;Japanese
Fullmetal Alchemist: Brotherhood;https://myanimelist.net/character/2079/Alex_Louis_Armstrong;Armstrong, Alex Louis;Supporting;https://myanimelist.net/people/138/Kenji_Utsumi;Utsumi, Kenji;Japanese
Fullmetal Alchemist: Brotherhood;https://myanimelist.net/character/3293/Ling_Yao;Yao, Ling;Supporting;https://myanimelist.net/people/65/Mamoru_Miyano;Miyano, Mamoru;Japanese
Fullmetal Alchemist: Brotherhood;https://myanimelist.net/character/63/Winry_Rockbell;Rockbell, Winry;Supporting;https://myanimelist.net/people/46/Megumi_Takamoto;Takamoto, Megumi;Japanese
Fullmetal Alchemist: Brotherhood;https://myanimelist.net/character/651/Envy;Envy;Supporting;https://myanimelist.net/people/24/Minami_Takayama;Takayama, Minami;Japanese
Your Name.;https://myanimelist.net/character/137467/Mitsuha_Miyamizu;Miyamizu, Mitsuha;Main;https://myanimelist.net/people/39943/Mone_Kamishiraishi;Kamishiraishi, Mone;Japanese
Your Name.;https://myanimelist.net/character/136805/Taki_Tachibana;Tachibana, Taki;Main;https://myanimelist.net/people/947/Ryunosuke_Kamiki;Kamiki, Ryunosuke;Japanese
Your Name.;https://myanimelist.net/character/79465/Yukari_Yukino;Yukino, Yukari;Supporting;https://myanimelist.net/people/185/Kana_Hanazawa;Hanazawa, Kana;Japanese
Your Name.;https://myanimelist.net/character/141478/Miki_Okudera;Okudera, Miki;Supporting;https://myanimelist.net/people/6329/Masami_Nagasawa;Nagasawa, Masami;Japanese
Your Name.;https://myanimelist.net/character/141484/Yotsuha_Miyamizu;Miyamizu, Yotsuha;Supporting;https://myanimelist.net/people/41467/Kanon_Tani;Tani, Kanon;Japanese
Your Name.;https://myanimelist.net/character/141479/Hitoha_Miyamizu;Miyamizu, Hitoha;Supporting;https://myanimelist.net/people/12070/Etsuko_Ichihara;Ichihara, Etsuko;Japanese
Your Name.;https://myanimelist.net/character/141480/Katsuhiko_Teshigawara;Teshigawara, Katsuhiko;Supporting;https://myanimelist.net/people/41468/Ryou_Narita;Narita, Ryou;Japanese
Your Name.;https://myanimelist.net/character/141482/Tsukasa_Fujii;Fujii, Tsukasa;Supporting;https://myanimelist.net/people/10989/Nobunaga_Shimazaki;Shimazaki, Nobunaga;Japanese
Your Name.;https://myanimelist.net/character/141481/Sayaka_Natori;Natori, Sayaka;Supporting;https://myanimelist.net/people/6686/Aoi_Yuuki;Yuuki, Aoi;Japanese
Your Name.;https://myanimelist.net/character/141483/Shinta_Takagi;Takagi, Shinta;Supporting;https://myanimelist.net/people/20156/Kaito_Ishikawa;Ishikawa, Kaito;Japanese
Gintama Season 4;https://myanimelist.net/character/672/Gintoki_Sakata;Sakata, Gintoki;Main;https://myanimelist.net/people/2/Tomokazu_Sugita;Sugita, Tomokazu;Japanese
Gintama Season 4;https://myanimelist.net/character/674/Kagura;Kagura;Main;https://myanimelist.net/people/8/Rie_Kugimiya;Kugimiya, Rie;Japanese
Gintama Season 4;https://myanimelist.net/character/673/Shinpachi_Shimura;Shimura, Shinpachi;Main;https://myanimelist.net/people/278/Daisuke_Sakaguchi;Sakaguchi, Daisuke;Japanese
Gintama Season 4;https://myanimelist.net/character/2650/Toushirou_Hijikata;Hijikata, Toushirou;Supporting;https://myanimelist.net/people/123/Kazuya_Nakai;Nakai, Kazuya;Japanese
Gintama Season 4;https://myanimelist.net/character/2282/Sougo_Okita;Okita, Sougo;Supporting;https://myanimelist.net/people/5/Kenichi_Suzumura;Suzumura, Kenichi;Japanese
Gintama Season 4;https://myanimelist.net/character/1533/Kotarou_Katsura;Katsura, Kotarou;Supporting;https://myanimelist.net/people/17/Akira_Ishida;Ishida, Akira;Japanese
Gintama Season 4;https://myanimelist.net/character/3760/Taizou_Hasegawa;Hasegawa, Taizou;Supporting;https://myanimelist.net/people/284/Fumihiko_Tachiki;Tachiki, Fumihiko;Japanese
Gintama Season 4;https://myanimelist.net/character/18823/Tsukuyo;Tsukuyo;Supporting;https://myanimelist.net/people/428/Yuuko_Kaida;Kaida, Yuuko;Japanese
Gintama Season 4;https://myanimelist.net/character/2948/Shinsuke_Takasugi;Takasugi, Shinsuke;Supporting;https://myanimelist.net/people/160/Takehito_Koyasu;Koyasu, Takehito;Japanese
Gintama Season 4;https://myanimelist.net/character/12946/Kamui;Kamui;Supporting;https://myanimelist.net/people/245/Satoshi_Hino;Hino, Satoshi;Japanese
"Steins;Gate";https://myanimelist.net/character/35252/Rintarou_Okabe;Okabe, Rintarou;Main;https://myanimelist.net/people/65/Mamoru_Miyano;Miyano, Mamoru;Japanese
"Steins;Gate";https://myanimelist.net/character/34470/Kurisu_Makise;Makise, Kurisu;Main;https://myanimelist.net/people/8662/Asami_Imai;Imai, Asami;Japanese
"Steins;Gate";https://myanimelist.net/character/35253/Mayuri_Shiina;Shiina, Mayuri;Main;https://myanimelist.net/people/185/Kana_Hanazawa;Hanazawa, Kana;Japanese
"Steins;Gate";https://myanimelist.net/character/35258/Itaru_Hashida;Hashida, Itaru;Main;https://myanimelist.net/people/1/Tomokazu_Seki;Seki, Tomokazu;Japanese
"Steins;Gate";https://myanimelist.net/character/35255/Suzuha_Amane;Amane, Suzuha;Supporting;https://myanimelist.net/people/27/Yukari_Tamura;Tamura, Yukari;Japanese
"Steins;Gate";https://myanimelist.net/character/30919/Ruka_Urushibara;Urushibara, Ruka;Supporting;https://myanimelist.net/people/34/Yuu_Kobayashi;Kobayashi, Yuu;Japanese
"Steins;Gate";https://myanimelist.net/character/35256/Rumiho_Akiha;Akiha, Rumiho;Supporting;https://myanimelist.net/people/258/Haruko_Momoi;Momoi, Haruko;Japanese
"Steins;Gate";https://myanimelist.net/character/35257/Moeka_Kiryuu;Kiryuu, Moeka;Supporting;https://myanimelist.net/people/211/Saori_Gotou;Gotou, Saori;Japanese
"Steins;Gate";https://myanimelist.net/character/38558/Yuugo_Tennouji;Tennouji, Yuugo;Supporting;https://myanimelist.net/people/563/Masaki_Terasoma;Terasoma, Masaki;Japanese
"Steins;Gate";https://myanimelist.net/character/38559/Nae_Tennouji;Tennouji, Nae;Supporting;https://myanimelist.net/people/12477/Ayano_Yamamoto;Yamamoto, Ayano;Japanese
March Comes In Like A Lion 2nd Season;https://myanimelist.net/character/21044/Rei_Kiriyama;Kiriyama, Rei;Main;https://myanimelist.net/people/15877/Kengo_Kawanishi;Kawanishi, Kengo;Japanese
March Comes In Like A Lion 2nd Season;https://myanimelist.net/character/24312/Hinata_Kawamoto;Kawamoto, Hinata;Main;https://myanimelist.net/people/185/Kana_Hanazawa;Hanazawa, Kana;Japanese
March Comes In Like A Lion 2nd Season;https://myanimelist.net/character/24311/Akari_Kawamoto;Kawamoto, Akari;Main;https://myanimelist.net/people/10765/Ai_Kayano;Kayano, Ai;Japanese
March Comes In Like A Lion 2nd Season;https://myanimelist.net/character/25275/Momo_Kawamoto;Kawamoto, Momo;Main;https://myanimelist.net/people/11641/Misaki_Kuno;Kuno, Misaki;Japanese
March Comes In Like A Lion 2nd Season;https://myanimelist.net/character/144519/Kai_Shimada;Shimada, Kai;Supporting;https://myanimelist.net/people/22/Shinichiro_Miki;Miki, Shinichiro;Japanese
March Comes In Like A Lion 2nd Season;https://myanimelist.net/character/70297/Harunobu_Nikaidou;Nikaidou, Harunobu;Supporting;https://myanimelist.net/people/270/Nobuhiko_Okamoto;Okamoto, Nobuhiko;Japanese
March Comes In Like A Lion 2nd Season;https://myanimelist.net/character/70293/Kyouko_Kouda;Kouda, Kyouko;Supporting;https://myanimelist.net/people/158/Marina_Inoue;Inoue, Marina;Japanese
March Comes In Like A Lion 2nd Season;https://myanimelist.net/character/70313/Takashi_Hayashida;Hayashida, Takashi;Supporting;https://myanimelist.net/people/79/Takahiro_Sakurai;Sakurai, Takahiro;Japanese
March Comes In Like A Lion 2nd Season;https://myanimelist.net/character/31352/Touji_Souya;Souya, Touji;Supporting;https://myanimelist.net/people/17/Akira_Ishida;Ishida, Akira;Japanese
March Comes In Like A Lion 2nd Season;https://myanimelist.net/character/157867/Mr_Kokubu;Mr. Kokubu;Supporting;https://myanimelist.net/people/284/Fumihiko_Tachiki;Tachiki, Fumihiko;Japanese
Legend of the Galactic Heroes;https://myanimelist.net/character/2780/Wen-li_Yang;Yang, Wen-li;Main;https://myanimelist.net/people/870/Kei_Tomiyama;Tomiyama, Kei;Japanese
Legend of the Galactic Heroes;https://myanimelist.net/character/3066/Reinhard_von_Lohengramm;von Lohengramm, Reinhard;Main;https://myanimelist.net/people/518/Ryo_Horikawa;Horikawa, Ryo;Japanese
Legend of the Galactic Heroes;https://myanimelist.net/character/6026/Oskar_von_Reuenthal;von Reuenthal, Oskar;Main;https://myanimelist.net/people/84/Norio_Wakamoto;Wakamoto, Norio;Japanese
Legend of the Galactic Heroes;https://myanimelist.net/character/12898/Paul_von_Oberstein;von Oberstein, Paul;Main;https://myanimelist.net/people/424/Kaneto_Shiozawa;Shiozawa, Kaneto;Japanese
Legend of the Galactic Heroes;https://myanimelist.net/character/12550/Siegfried_Kircheis;Kircheis, Siegfried;Main;https://myanimelist.net/people/5247/Masashi_Hironaka;Hironaka, Masashi;Japanese
Legend of the Galactic Heroes;https://myanimelist.net/character/12778/Wolfgang_Mittermeyer;Mittermeyer, Wolfgang;Main;https://myanimelist.net/people/921/Katsuji_Mori;Mori, Katsuji;Japanese
Legend of the Galactic Heroes;https://myanimelist.net/character/5897/Walter_von_Sch_ouml_nkopf;"von Sch&ouml;nkopf, Walter";Main;https://myanimelist.net/people/1158/Michio_Hazama;Hazama, Michio;Japanese
Legend of the Galactic Heroes;https://myanimelist.net/character/12779/Julian_Minci;Minci, Julian;Main;https://myanimelist.net/people/286/Nozomu_Sasaki;Sasaki, Nozomu;Japanese
Legend of the Galactic Heroes;https://myanimelist.net/character/12911/Hildegard_von_Mariendorf;von Mariendorf, Hildegard;Main;https://myanimelist.net/people/342/Masako_Katsuki;Katsuki, Masako;Japanese
Legend of the Galactic Heroes;https://myanimelist.net/character/3869/Dusty_Attenborough;Attenborough, Dusty;Main;https://myanimelist.net/people/21/Kazuhiko_Inoue;Inoue, Kazuhiko;Japanese
Gintama Season 2;https://myanimelist.net/character/672/Gintoki_Sakata;Sakata, Gintoki;Main;https://myanimelist.net/people/2/Tomokazu_Sugita;Sugita, Tomokazu;Japanese
Gintama Season 2;https://myanimelist.net/character/674/Kagura;Kagura;Main;https://myanimelist.net/people/8/Rie_Kugimiya;Kugimiya, Rie;Japanese
Gintama Season 2;https://myanimelist.net/character/673/Shinpachi_Shimura;Shimura, Shinpachi;Main;https://myanimelist.net/people/278/Daisuke_Sakaguchi;Sakaguchi, Daisuke;Japanese
Gintama Season 2;https://myanimelist.net/character/2650/Toushirou_Hijikata;Hijikata, Toushirou;Supporting;https://myanimelist.net/people/123/Kazuya_Nakai;Nakai, Kazuya;Japanese
Gintama Season 2;https://myanimelist.net/character/2282/Sougo_Okita;Okita, Sougo;Supporting;https://myanimelist.net/people/5/Kenichi_Suzumura;Suzumura, Kenichi;Japanese
Gintama Season 2;https://myanimelist.net/character/1533/Kotarou_Katsura;Katsura, Kotarou;Supporting;https://myanimelist.net/people/17/Akira_Ishida;Ishida, Akira;Japanese
Gintama Season 2;https://myanimelist.net/character/3760/Taizou_Hasegawa;Hasegawa, Taizou;Supporting;https://myanimelist.net/people/284/Fumihiko_Tachiki;Tachiki, Fumihiko;Japanese
Gintama Season 2;https://myanimelist.net/character/18823/Tsukuyo;Tsukuyo;Supporting;https://myanimelist.net/people/428/Yuuko_Kaida;Kaida, Yuuko;Japanese
Gintama Season 2;https://myanimelist.net/character/2948/Shinsuke_Takasugi;Takasugi, Shinsuke;Supporting;https://myanimelist.net/people/160/Takehito_Koyasu;Koyasu, Takehito;Japanese
Gintama Season 2;https://myanimelist.net/character/17244/Yuusuke_Fujisaki;Fujisaki, Yuusuke;Supporting;https://myanimelist.net/people/283/Hiroyuki_Yoshino;Yoshino, Hiroyuki;Japanese
Hunter x Hunter;https://myanimelist.net/character/27/Killua_Zoldyck;Zoldyck, Killua;Main;https://myanimelist.net/people/655/Mariya_Ise;Ise, Mariya;Japanese
Hunter x Hunter;https://myanimelist.net/character/30/Gon_Freecss;Freecss, Gon;Main;https://myanimelist.net/people/12961/Megumi_Han;Han, Megumi;Japanese
Hunter x Hunter;https://myanimelist.net/character/28/Kurapika;Kurapika;Main;https://myanimelist.net/people/99/Miyuki_Sawashiro;Sawashiro, Miyuki;Japanese
Hunter x Hunter;https://myanimelist.net/character/29/Leorio_Paladiknight;Paladiknight, Leorio;Main;https://myanimelist.net/people/63/Keiji_Fujiwara;Fujiwara, Keiji;Japanese
Hunter x Hunter;https://myanimelist.net/character/31/Hisoka_Morow;Morow, Hisoka;Supporting;https://myanimelist.net/people/87/Daisuke_Namikawa;Namikawa, Daisuke;Japanese
Hunter x Hunter;https://myanimelist.net/character/23277/Meruem;Meruem;Supporting;https://myanimelist.net/people/1764/Kouki_Uchiyama;Uchiyama, Kouki;Japanese
Hunter x Hunter;https://myanimelist.net/character/58/Chrollo_Lucilfer;Lucilfer, Chrollo;Supporting;https://myanimelist.net/people/65/Mamoru_Miyano;Miyano, Mamoru;Japanese
Hunter x Hunter;https://myanimelist.net/character/12300/Neferpitou;Neferpitou;Supporting;https://myanimelist.net/people/247/Ayumi_Fujimura;Fujimura, Ayumi;Japanese
Hunter x Hunter;https://myanimelist.net/character/14489/Isaac_Netero;Netero, Isaac;Supporting;https://myanimelist.net/people/330/Banjou_Ginga;Ginga, Banjou;Japanese
Hunter x Hunter;https://myanimelist.net/character/3195/Feitan_Pohtoh;Pohtoh, Feitan;Supporting;https://myanimelist.net/people/67/Kappei_Yamaguchi;Yamaguchi, Kappei;Japanese
Gintama: Enchousen;https://myanimelist.net/character/672/Gintoki_Sakata;Sakata, Gintoki;Main;https://myanimelist.net/people/2/Tomokazu_Sugita;Sugita, Tomokazu;Japanese
Gintama: Enchousen;https://myanimelist.net/character/674/Kagura;Kagura;Main;https://myanimelist.net/people/8/Rie_Kugimiya;Kugimiya, Rie;Japanese
Gintama: Enchousen;https://myanimelist.net/character/673/Shinpachi_Shimura;Shimura, Shinpachi;Main;https://myanimelist.net/people/278/Daisuke_Sakaguchi;Sakaguchi, Daisuke;Japanese
Gintama: Enchousen;https://myanimelist.net/character/2650/Toushirou_Hijikata;Hijikata, Toushirou;Supporting;https://myanimelist.net/people/123/Kazuya_Nakai;Nakai, Kazuya;Japanese
Gintama: Enchousen;https://myanimelist.net/character/2282/Sougo_Okita;Okita, Sougo;Supporting;https://myanimelist.net/people/5/Kenichi_Suzumura;Suzumura, Kenichi;Japanese
Gintama: Enchousen;https://myanimelist.net/character/1533/Kotarou_Katsura;Katsura, Kotarou;Supporting;https://myanimelist.net/people/17/Akira_Ishida;Ishida, Akira;Japanese
Gintama: Enchousen;https://myanimelist.net/character/3760/Taizou_Hasegawa;Hasegawa, Taizou;Supporting;https://myanimelist.net/people/284/Fumihiko_Tachiki;Tachiki, Fumihiko;Japanese
Gintama: Enchousen;https://myanimelist.net/character/18823/Tsukuyo;Tsukuyo;Supporting;https://myanimelist.net/people/428/Yuuko_Kaida;Kaida, Yuuko;Japanese
Gintama: Enchousen;https://myanimelist.net/character/2948/Shinsuke_Takasugi;Takasugi, Shinsuke;Supporting;https://myanimelist.net/people/160/Takehito_Koyasu;Koyasu, Takehito;Japanese
Gintama: Enchousen;https://myanimelist.net/character/2946/Elizabeth;Elizabeth;Supporting;Not Available;Not Available;Not Available
Gintama: The Final Chapter - Be Forever Yorozuya, Gintama Movie 2;https://myanimelist.net/character/672/Gintoki_Sakata;Sakata, Gintoki;Main;https://myanimelist.net/people/2/Tomokazu_Sugita;Sugita, Tomokazu;Japanese
Gintama: The Final Chapter - Be Forever Yorozuya, Gintama Movie 2;https://myanimelist.net/character/674/Kagura;Kagura;Main;https://myanimelist.net/people/8/Rie_Kugimiya;Kugimiya, Rie;Japanese
Gintama: The Final Chapter - Be Forever Yorozuya, Gintama Movie 2;https://myanimelist.net/character/673/Shinpachi_Shimura;Shimura, Shinpachi;Main;https://myanimelist.net/people/278/Daisuke_Sakaguchi;Sakaguchi, Daisuke;Japanese
Gintama: The Final Chapter - Be Forever Yorozuya, Gintama Movie 2;https://myanimelist.net/character/2650/Toushirou_Hijikata;Hijikata, Toushirou;Supporting;https://myanimelist.net/people/123/Kazuya_Nakai;Nakai, Kazuya;Japanese
Gintama: The Final Chapter - Be Forever Yorozuya, Gintama Movie 2;https://myanimelist.net/character/2282/Sougo_Okita;Okita, Sougo;Supporting;https://myanimelist.net/people/5/Kenichi_Suzumura;Suzumura, Kenichi;Japanese
Gintama: The Final Chapter - Be Forever Yorozuya, Gintama Movie 2;https://myanimelist.net/character/1533/Kotarou_Katsura;Katsura, Kotarou;Supporting;https://myanimelist.net/people/17/Akira_Ishida;Ishida, Akira;Japanese
Gintama: The Final Chapter - Be Forever Yorozuya, Gintama Movie 2;https://myanimelist.net/character/3760/Taizou_Hasegawa;Hasegawa, Taizou;Supporting;https://myanimelist.net/people/284/Fumihiko_Tachiki;Tachiki, Fumihiko;Japanese
Gintama: The Final Chapter - Be Forever Yorozuya, Gintama Movie 2;https://myanimelist.net/character/18823/Tsukuyo;Tsukuyo;Supporting;https://myanimelist.net/people/428/Yuuko_Kaida;Kaida, Yuuko;Japanese
Gintama: The Final Chapter - Be Forever Yorozuya, Gintama Movie 2;https://myanimelist.net/character/2948/Shinsuke_Takasugi;Takasugi, Shinsuke;Supporting;https://myanimelist.net/people/160/Takehito_Koyasu;Koyasu, Takehito;Japanese
Gintama: The Final Chapter - Be Forever Yorozuya, Gintama Movie 2;https://myanimelist.net/character/2946/Elizabeth;Elizabeth;Supporting;https://myanimelist.net/people/416/Akira_Kamiya;Kamiya, Akira;Japanese
A Silent Voice;https://myanimelist.net/character/80243/Shouko_Nishimiya;Nishimiya, Shouko;Main;https://myanimelist.net/people/869/Saori_Hayami;Hayami, Saori;Japanese
A Silent Voice;https://myanimelist.net/character/80491/Shouya_Ishida;Ishida, Shouya;Main;https://myanimelist.net/people/88/Miyu_Irino;Irino, Miyu;Japanese
A Silent Voice;https://myanimelist.net/character/97581/Yuzuru_Nishimiya;Nishimiya, Yuzuru;Supporting;https://myanimelist.net/people/6686/Aoi_Yuuki;Yuuki, Aoi;Japanese
A Silent Voice;https://myanimelist.net/character/97583/Naoka_Ueno;Ueno, Naoka;Supporting;https://myanimelist.net/people/19854/Yuuki_Kaneko;Kaneko, Yuuki;Japanese
A Silent Voice;https://myanimelist.net/character/95817/Tomohiro_Nagatsuka;Nagatsuka, Tomohiro;Supporting;https://myanimelist.net/people/819/Kensho_Ono;Ono, Kensho;Japanese
A Silent Voice;https://myanimelist.net/character/117811/Pedro;Pedro;Supporting;https://myanimelist.net/people/34999/Ryuunosuke_Watanuki;Watanuki, Ryuunosuke;Japanese
A Silent Voice;https://myanimelist.net/character/97571/Miyoko_Sahara;Sahara, Miyoko;Supporting;https://myanimelist.net/people/5142/Yui_Ishikawa;Ishikawa, Yui;Japanese
A Silent Voice;https://myanimelist.net/character/97943/Maria_Ishida;Ishida, Maria;Supporting;https://myanimelist.net/people/45481/Erena_Kamata;Kamata, Erena;Japanese
A Silent Voice;https://myanimelist.net/character/97577/Miyako_Ishida;Ishida, Miyako;Supporting;https://myanimelist.net/people/3/Satsuki_Yukino;Yukino, Satsuki;Japanese
A Silent Voice;https://myanimelist.net/character/100473/Satoshi_Mashiba;Mashiba, Satoshi;Supporting;https://myanimelist.net/people/600/Toshiyuki_Toyonaga;Toyonaga, Toshiyuki;Japanese
Owarimonogatari Second Season;https://myanimelist.net/character/22037/Hitagi_Senjougahara;Senjougahara, Hitagi;Main;https://myanimelist.net/people/61/Chiwa_Saito;Saito, Chiwa;Japanese
Owarimonogatari Second Season;https://myanimelist.net/character/22036/Koyomi_Araragi;Araragi, Koyomi;Main;https://myanimelist.net/people/118/Hiroshi_Kamiya;Kamiya, Hiroshi;Japanese
Owarimonogatari Second Season;https://myanimelist.net/character/22052/Mayoi_Hachikuji;Hachikuji, Mayoi;Main;https://myanimelist.net/people/52/Emiri_Katou;Katou, Emiri;Japanese
Owarimonogatari Second Season;https://myanimelist.net/character/90393/Ougi_Oshino;Oshino, Ougi;Main;https://myanimelist.net/people/156/Kaori_Mizuhashi;Mizuhashi, Kaori;Japanese
Owarimonogatari Second Season;https://myanimelist.net/character/23602/Shinobu_Oshino;Oshino, Shinobu;Supporting;https://myanimelist.net/people/90/Maaya_Sakamoto;Sakamoto, Maaya;Japanese
Owarimonogatari Second Season;https://myanimelist.net/character/22055/Tsubasa_Hanekawa;Hanekawa, Tsubasa;Supporting;https://myanimelist.net/people/28/Yui_Horie;Horie, Yui;Japanese
Owarimonogatari Second Season;https://myanimelist.net/character/22054/Suruga_Kanbaru;Kanbaru, Suruga;Supporting;Not Available;Not Available;Not Available
Owarimonogatari Second Season;https://myanimelist.net/character/22050/Nadeko_Sengoku;Sengoku, Nadeko;Supporting;https://myanimelist.net/people/185/Kana_Hanazawa;Hanazawa, Kana;Japanese
Owarimonogatari Second Season;https://myanimelist.net/character/22552/Meme_Oshino;Oshino, Meme;Supporting;https://myanimelist.net/people/79/Takahiro_Sakurai;Sakurai, Takahiro;Japanese
Owarimonogatari Second Season;https://myanimelist.net/character/57499/Yotsugi_Ononoki;Ononoki, Yotsugi;Supporting;https://myanimelist.net/people/869/Saori_Hayami;Hayami, Saori;Japanese
Gintama Season 5;https://myanimelist.net/character/672/Gintoki_Sakata;Sakata, Gintoki;Main;https://myanimelist.net/people/2/Tomokazu_Sugita;Sugita, Tomokazu;Japanese
Gintama Season 5;https://myanimelist.net/character/674/Kagura;Kagura;Main;https://myanimelist.net/people/8/Rie_Kugimiya;Kugimiya, Rie;Japanese
Gintama Season 5;https://myanimelist.net/character/1533/Kotarou_Katsura;Katsura, Kotarou;Main;https://myanimelist.net/people/17/Akira_Ishida;Ishida, Akira;Japanese
Gintama Season 5;https://myanimelist.net/character/673/Shinpachi_Shimura;Shimura, Shinpachi;Main;https://myanimelist.net/people/278/Daisuke_Sakaguchi;Sakaguchi, Daisuke;Japanese
Gintama Season 5;https://myanimelist.net/character/2948/Shinsuke_Takasugi;Takasugi, Shinsuke;Main;https://myanimelist.net/people/160/Takehito_Koyasu;Koyasu, Takehito;Japanese
Gintama Season 5;https://myanimelist.net/character/12946/Kamui;Kamui;Supporting;https://myanimelist.net/people/245/Satoshi_Hino;Hino, Satoshi;Japanese
Gintama Season 5;https://myanimelist.net/character/2946/Elizabeth;Elizabeth;Supporting;Not Available;Not Available;Not Available
Gintama Season 5;https://myanimelist.net/character/2651/Sadaharu;Sadaharu;Supporting;https://myanimelist.net/people/132/Mikako_Takahashi;Takahashi, Mikako;Japanese
Gintama Season 5;https://myanimelist.net/character/2945/Tatsuma_Sakamoto;Sakamoto, Tatsuma;Supporting;https://myanimelist.net/people/22/Shinichiro_Miki;Miki, Shinichiro;Japanese
Gintama Season 5;https://myanimelist.net/character/55577/Nobume_Imai;Imai, Nobume;Supporting;https://myanimelist.net/people/4/Aya_Hirano;Hirano, Aya;Japanese
Clannad ~After Story~;https://myanimelist.net/character/4606/Tomoya_Okazaki;Okazaki, Tomoya;Main;https://myanimelist.net/people/513/Yuuichi_Nakamura;Nakamura, Yuuichi;Japanese
Clannad ~After Story~;https://myanimelist.net/character/4604/Nagisa_Furukawa;Furukawa, Nagisa;Main;https://myanimelist.net/people/31/Mai_Nakahara;Nakahara, Mai;Japanese
Clannad ~After Story~;https://myanimelist.net/character/10342/Ushio_Okazaki;Okazaki, Ushio;Main;https://myanimelist.net/people/470/Satomi_Koorogi;Koorogi, Satomi;Japanese
Clannad ~After Story~;https://myanimelist.net/character/4603/Tomoyo_Sakagami;Sakagami, Tomoyo;Supporting;https://myanimelist.net/people/57/Houko_Kuwashima;Kuwashima, Houko;Japanese
Clannad ~After Story~;https://myanimelist.net/character/4605/Kyou_Fujibayashi;Fujibayashi, Kyou;Supporting;https://myanimelist.net/people/111/Ryou_Hirohashi;Hirohashi, Ryou;Japanese
Clannad ~After Story~;https://myanimelist.net/character/4601/Fuuko_Ibuki;Ibuki, Fuuko;Supporting;https://myanimelist.net/people/32/Ai_Nonaka;Nonaka, Ai;Japanese
Clannad ~After Story~;https://myanimelist.net/character/7095/Akio_Furukawa;Furukawa, Akio;Supporting;https://myanimelist.net/people/177/Ryotaro_Okiayu;Okiayu, Ryotaro;Japanese
Clannad ~After Story~;https://myanimelist.net/character/4602/Kotomi_Ichinose;Ichinose, Kotomi;Supporting;https://myanimelist.net/people/40/Mamiko_Noto;Noto, Mamiko;Japanese
Clannad ~After Story~;https://myanimelist.net/character/4610/Youhei_Sunohara;Sunohara, Youhei;Supporting;https://myanimelist.net/people/278/Daisuke_Sakaguchi;Sakaguchi, Daisuke;Japanese
Clannad ~After Story~;https://myanimelist.net/character/6831/Sanae_Furukawa;Furukawa, Sanae;Supporting;https://myanimelist.net/people/195/Kikuko_Inoue;Inoue, Kikuko;Japanese
Gintama;https://myanimelist.net/character/672/Gintoki_Sakata;Sakata, Gintoki;Main;https://myanimelist.net/people/2/Tomokazu_Sugita;Sugita, Tomokazu;Japanese
Gintama;https://myanimelist.net/character/674/Kagura;Kagura;Main;https://myanimelist.net/people/8/Rie_Kugimiya;Kugimiya, Rie;Japanese
Gintama;https://myanimelist.net/character/673/Shinpachi_Shimura;Shimura, Shinpachi;Main;https://myanimelist.net/people/278/Daisuke_Sakaguchi;Sakaguchi, Daisuke;Japanese
Gintama;https://myanimelist.net/character/2650/Toushirou_Hijikata;Hijikata, Toushirou;Supporting;https://myanimelist.net/people/123/Kazuya_Nakai;Nakai, Kazuya;Japanese
Gintama;https://myanimelist.net/character/2282/Sougo_Okita;Okita, Sougo;Supporting;https://myanimelist.net/people/5/Kenichi_Suzumura;Suzumura, Kenichi;Japanese
Gintama;https://myanimelist.net/character/1533/Kotarou_Katsura;Katsura, Kotarou;Supporting;https://myanimelist.net/people/17/Akira_Ishida;Ishida, Akira;Japanese
Gintama;https://myanimelist.net/character/3760/Taizou_Hasegawa;Hasegawa, Taizou;Supporting;https://myanimelist.net/people/284/Fumihiko_Tachiki;Tachiki, Fumihiko;Japanese
Gintama;https://myanimelist.net/character/18823/Tsukuyo;Tsukuyo;Supporting;https://myanimelist.net/people/428/Yuuko_Kaida;Kaida, Yuuko;Japanese
Gintama;https://myanimelist.net/character/2948/Shinsuke_Takasugi;Takasugi, Shinsuke;Supporting;https://myanimelist.net/people/160/Takehito_Koyasu;Koyasu, Takehito;Japanese
Gintama;https://myanimelist.net/character/12946/Kamui;Kamui;Supporting;https://myanimelist.net/people/245/Satoshi_Hino;Hino, Satoshi;Japanese
Haikyu!! 3rd Season;https://myanimelist.net/character/64769/Shouyou_Hinata;Hinata, Shouyou;Main;https://myanimelist.net/people/15919/Ayumu_Murase;Murase, Ayumu;Japanese
Haikyu!! 3rd Season;https://myanimelist.net/character/64771/Tobio_Kageyama;Kageyama, Tobio;Main;https://myanimelist.net/people/20156/Kaito_Ishikawa;Ishikawa, Kaito;Japanese
Haikyu!! 3rd Season;https://myanimelist.net/character/67327/Yuu_Nishinoya;Nishinoya, Yuu;Supporting;https://myanimelist.net/people/270/Nobuhiko_Okamoto;Okamoto, Nobuhiko;Japanese
Haikyu!! 3rd Season;https://myanimelist.net/character/71611/Tooru_Oikawa;Oikawa, Tooru;Supporting;https://myanimelist.net/people/87/Daisuke_Namikawa;Namikawa, Daisuke;Japanese
Haikyu!! 3rd Season;https://myanimelist.net/character/67329/Kei_Tsukishima;Tsukishima, Kei;Supporting;https://myanimelist.net/people/1764/Kouki_Uchiyama;Uchiyama, Kouki;Japanese
Haikyu!! 3rd Season;https://myanimelist.net/character/71269/Tetsurou_Kuroo;Kuroo, Tetsurou;Supporting;https://myanimelist.net/people/513/Yuuichi_Nakamura;Nakamura, Yuuichi;Japanese
Haikyu!! 3rd Season;https://myanimelist.net/character/67321/Koushi_Sugawara;Sugawara, Koushi;Supporting;https://myanimelist.net/people/88/Miyu_Irino;Irino, Miyu;Japanese
Haikyu!! 3rd Season;https://myanimelist.net/character/101165/Koutarou_Bokuto;Bokuto, Koutarou;Supporting;https://myanimelist.net/people/1762/Ryouhei_Kimura;Kimura, Ryouhei;Japanese
Haikyu!! 3rd Season;https://myanimelist.net/character/67325/Ryuunosuke_Tanaka;Tanaka, Ryuunosuke;Supporting;https://myanimelist.net/people/21157/Yuu_Hayashi;Hayashi, Yuu;Japanese
Haikyu!! 3rd Season;https://myanimelist.net/character/71609/Tadashi_Yamaguchi;Yamaguchi, Tadashi;Supporting;https://myanimelist.net/people/18227/Souma_Saitou;Saitou, Souma;Japanese
Code Geass: Lelouch of the Rebellion R2;https://myanimelist.net/character/417/Lelouch_Lamperouge;Lamperouge, Lelouch;Main;https://myanimelist.net/people/86/Jun_Fukuyama;Fukuyama, Jun;Japanese
Code Geass: Lelouch of the Rebellion R2;https://myanimelist.net/character/1111/CC;C.C.;Main;https://myanimelist.net/people/140/Yukana;Yukana;Japanese
Code Geass: Lelouch of the Rebellion R2;https://myanimelist.net/character/558/Kallen_Stadtfeld;Stadtfeld, Kallen;Main;https://myanimelist.net/people/70/Ami_Koshimizu;Koshimizu, Ami;Japanese
Code Geass: Lelouch of the Rebellion R2;https://myanimelist.net/character/559/Suzaku_Kururugi;Kururugi, Suzaku;Main;https://myanimelist.net/people/79/Takahiro_Sakurai;Sakurai, Takahiro;Japanese
Code Geass: Lelouch of the Rebellion R2;https://myanimelist.net/character/1113/Jeremiah_Gottwald;Gottwald, Jeremiah;Supporting;https://myanimelist.net/people/109/Ken_Narita;Narita, Ken;Japanese
Code Geass: Lelouch of the Rebellion R2;https://myanimelist.net/character/1120/Shirley_Fenette;Fenette, Shirley;Supporting;https://myanimelist.net/people/152/Fumiko_Orikasa;Orikasa, Fumiko;Japanese
Code Geass: Lelouch of the Rebellion R2;https://myanimelist.net/character/1130/Lloyd_Asplund;Asplund, Lloyd;Supporting;https://myanimelist.net/people/218/Tetsu_Shiratori;Shiratori, Tetsu;Japanese
Code Geass: Lelouch of the Rebellion R2;https://myanimelist.net/character/7771/Rolo_Lamperouge;Lamperouge, Rolo;Supporting;https://myanimelist.net/people/279/Takahiro_Mizushima;Mizushima, Takahiro;Japanese
Code Geass: Lelouch of the Rebellion R2;https://myanimelist.net/character/1110/Nunnally_Lamperouge;Lamperouge, Nunnally;Supporting;https://myanimelist.net/people/78/Kaori_Nazuka;Nazuka, Kaori;Japanese
Code Geass: Lelouch of the Rebellion R2;https://myanimelist.net/character/797/Cornelia_li_Britannia;li Britannia, Cornelia;Supporting;https://myanimelist.net/people/62/Junko_Minagawa;Minagawa, Junko;Japanese
Made in Abyss;https://myanimelist.net/character/140046/Regu;Regu;Main;https://myanimelist.net/people/655/Mariya_Ise;Ise, Mariya;Japanese
Made in Abyss;https://myanimelist.net/character/137239/Riko;Riko;Main;https://myanimelist.net/people/39149/Miyu_Tomita;Tomita, Miyu;Japanese
Made in Abyss;https://myanimelist.net/character/140060/Nanachi;Nanachi;Supporting;https://myanimelist.net/people/16453/Shiori_Izawa;Izawa, Shiori;Japanese
Made in Abyss;https://myanimelist.net/character/140106/Ouzen;Ouzen;Supporting;https://myanimelist.net/people/92/Sayaka_Ohara;Ohara, Sayaka;Japanese
Made in Abyss;https://myanimelist.net/character/151195/Bondrewd;Bondrewd;Supporting;https://myanimelist.net/people/6/Toshiyuki_Morikawa;Morikawa, Toshiyuki;Japanese
Made in Abyss;https://myanimelist.net/character/153888/Mitty;Mitty;Supporting;https://myanimelist.net/people/413/Eri_Kitamura;Kitamura, Eri;Japanese
Made in Abyss;https://myanimelist.net/character/151215/Lyza;Lyza;Supporting;https://myanimelist.net/people/90/Maaya_Sakamoto;Sakamoto, Maaya;Japanese
Made in Abyss;https://myanimelist.net/character/153650/Maruruk;Maruruk;Supporting;https://myanimelist.net/people/599/Aki_Toyosaki;Toyosaki, Aki;Japanese
Made in Abyss;https://myanimelist.net/character/151699/Jiruo;Jiruo;Supporting;https://myanimelist.net/people/12705/Taishi_Murata;Murata, Taishi;Japanese
Made in Abyss;https://myanimelist.net/character/151698/Kiwi;Kiwi;Supporting;https://myanimelist.net/people/45590/Manami_Hanawa;Hanawa, Manami;Japanese
Spirited Away;https://myanimelist.net/character/385/Haku;Haku;Main;https://myanimelist.net/people/88/Miyu_Irino;Irino, Miyu;Japanese
Spirited Away;https://myanimelist.net/character/384/Chihiro_Ogino;Ogino, Chihiro;Main;https://myanimelist.net/people/772/Rumi_Hiiragi;Hiiragi, Rumi;Japanese
Spirited Away;https://myanimelist.net/character/8298/Kaonashi;Kaonashi;Supporting;https://myanimelist.net/people/1135/Tatsuya_Gashuin;Gashuin, Tatsuya;Japanese
Spirited Away;https://myanimelist.net/character/13393/Makkuro-Kurosuke;Makkuro-Kurosuke;Supporting;Not Available;Not Available;Not Available
Spirited Away;https://myanimelist.net/character/8301/Kamajii;Kamajii;Supporting;https://myanimelist.net/people/1265/Bunta_Sugawara;Sugawara, Bunta;Japanese
Spirited Away;https://myanimelist.net/character/4716/Yubaba;Yubaba;Supporting;https://myanimelist.net/people/946/Mari_Natsuki;Natsuki, Mari;Japanese
Spirited Away;https://myanimelist.net/character/5465/Lin;Lin;Supporting;https://myanimelist.net/people/6205/Yumi_Tamai;Tamai, Yumi;Japanese
Spirited Away;https://myanimelist.net/character/8305/Zeniba;Zeniba;Supporting;https://myanimelist.net/people/946/Mari_Natsuki;Natsuki, Mari;Japanese
Spirited Away;https://myanimelist.net/character/81519/Oshira-sama;Oshira-sama;Supporting;Not Available;Not Available;Not Available
Spirited Away;https://myanimelist.net/character/81517/Ootori-sama;Ootori-sama;Supporting;Not Available;Not Available;Not Available
Gintama.: Silver Soul Arc;https://myanimelist.net/character/672/Gintoki_Sakata;Sakata, Gintoki;Main;https://myanimelist.net/people/2/Tomokazu_Sugita;Sugita, Tomokazu;Japanese
Gintama.: Silver Soul Arc;https://myanimelist.net/character/674/Kagura;Kagura;Main;https://myanimelist.net/people/8/Rie_Kugimiya;Kugimiya, Rie;Japanese
Gintama.: Silver Soul Arc;https://myanimelist.net/character/673/Shinpachi_Shimura;Shimura, Shinpachi;Main;https://myanimelist.net/people/278/Daisuke_Sakaguchi;Sakaguchi, Daisuke;Japanese
Gintama.: Silver Soul Arc;https://myanimelist.net/character/2650/Toushirou_Hijikata;Hijikata, Toushirou;Supporting;https://myanimelist.net/people/123/Kazuya_Nakai;Nakai, Kazuya;Japanese
Gintama.: Silver Soul Arc;https://myanimelist.net/character/2282/Sougo_Okita;Okita, Sougo;Supporting;https://myanimelist.net/people/5/Kenichi_Suzumura;Suzumura, Kenichi;Japanese
Gintama.: Silver Soul Arc;https://myanimelist.net/character/1533/Kotarou_Katsura;Katsura, Kotarou;Supporting;https://myanimelist.net/people/17/Akira_Ishida;Ishida, Akira;Japanese
Gintama.: Silver Soul Arc;https://myanimelist.net/character/3760/Taizou_Hasegawa;Hasegawa, Taizou;Supporting;https://myanimelist.net/people/284/Fumihiko_Tachiki;Tachiki, Fumihiko;Japanese
Gintama.: Silver Soul Arc;https://myanimelist.net/character/18823/Tsukuyo;Tsukuyo;Supporting;https://myanimelist.net/people/428/Yuuko_Kaida;Kaida, Yuuko;Japanese
Gintama.: Silver Soul Arc;https://myanimelist.net/character/2948/Shinsuke_Takasugi;Takasugi, Shinsuke;Supporting;https://myanimelist.net/people/160/Takehito_Koyasu;Koyasu, Takehito;Japanese
Gintama.: Silver Soul Arc;https://myanimelist.net/character/2946/Elizabeth;Elizabeth;Supporting;Not Available;Not Available;Not Available
Haikyu!! 2nd Season;https://myanimelist.net/character/64769/Shouyou_Hinata;Hinata, Shouyou;Main;https://myanimelist.net/people/15919/Ayumu_Murase;Murase, Ayumu;Japanese
Haikyu!! 2nd Season;https://myanimelist.net/character/64771/Tobio_Kageyama;Kageyama, Tobio;Main;https://myanimelist.net/people/20156/Kaito_Ishikawa;Ishikawa, Kaito;Japanese
Haikyu!! 2nd Season;https://myanimelist.net/character/67327/Yuu_Nishinoya;Nishinoya, Yuu;Supporting;https://myanimelist.net/people/270/Nobuhiko_Okamoto;Okamoto, Nobuhiko;Japanese
Haikyu!! 2nd Season;https://myanimelist.net/character/71611/Tooru_Oikawa;Oikawa, Tooru;Supporting;https://myanimelist.net/people/87/Daisuke_Namikawa;Namikawa, Daisuke;Japanese
Haikyu!! 2nd Season;https://myanimelist.net/character/67329/Kei_Tsukishima;Tsukishima, Kei;Supporting;https://myanimelist.net/people/1764/Kouki_Uchiyama;Uchiyama, Kouki;Japanese
Haikyu!! 2nd Season;https://myanimelist.net/character/71269/Tetsurou_Kuroo;Kuroo, Tetsurou;Supporting;https://myanimelist.net/people/513/Yuuichi_Nakamura;Nakamura, Yuuichi;Japanese
Haikyu!! 2nd Season;https://myanimelist.net/character/71267/Kenma_Kozume;Kozume, Kenma;Supporting;https://myanimelist.net/people/672/Yuki_Kaji;Kaji, Yuki;Japanese
Haikyu!! 2nd Season;https://myanimelist.net/character/67321/Koushi_Sugawara;Sugawara, Koushi;Supporting;https://myanimelist.net/people/88/Miyu_Irino;Irino, Miyu;Japanese
Haikyu!! 2nd Season;https://myanimelist.net/character/101165/Koutarou_Bokuto;Bokuto, Koutarou;Supporting;https://myanimelist.net/people/1762/Ryouhei_Kimura;Kimura, Ryouhei;Japanese
Haikyu!! 2nd Season;https://myanimelist.net/character/67325/Ryuunosuke_Tanaka;Tanaka, Ryuunosuke;Supporting;https://myanimelist.net/people/21157/Yuu_Hayashi;Hayashi, Yuu;Japanese
Koyomi Vamp, Kizumonogatari Part 3;https://myanimelist.net/character/23602/Shinobu_Oshino;Oshino, Shinobu;Main;https://myanimelist.net/people/90/Maaya_Sakamoto;Sakamoto, Maaya;Japanese
Koyomi Vamp, Kizumonogatari Part 3;https://myanimelist.net/character/22036/Koyomi_Araragi;Araragi, Koyomi;Main;https://myanimelist.net/people/118/Hiroshi_Kamiya;Kamiya, Hiroshi;Japanese
Koyomi Vamp, Kizumonogatari Part 3;https://myanimelist.net/character/22055/Tsubasa_Hanekawa;Hanekawa, Tsubasa;Main;https://myanimelist.net/people/28/Yui_Horie;Horie, Yui;Japanese
Koyomi Vamp, Kizumonogatari Part 3;https://myanimelist.net/character/22552/Meme_Oshino;Oshino, Meme;Supporting;https://myanimelist.net/people/79/Takahiro_Sakurai;Sakurai, Takahiro;Japanese
Koyomi Vamp, Kizumonogatari Part 3;https://myanimelist.net/character/42364/Guillotinecutter;Guillotinecutter;Supporting;Not Available;Not Available;Not Available
Koyomi Vamp, Kizumonogatari Part 3;https://myanimelist.net/character/138725/Seishirou_Shishirui;Shishirui, Seishirou;Supporting;Not Available;Not Available;Not Available
Your Lie in April;https://myanimelist.net/character/69411/Kaori_Miyazono;Miyazono, Kaori;Main;https://myanimelist.net/people/16135/Risa_Taneda;Taneda, Risa;Japanese
Your Lie in April;https://myanimelist.net/character/69407/Kousei_Arima;Arima, Kousei;Main;https://myanimelist.net/people/16635/Natsuki_Hanae;Hanae, Natsuki;Japanese
Your Lie in April;https://myanimelist.net/character/69409/Tsubaki_Sawabe;Sawabe, Tsubaki;Main;https://myanimelist.net/people/11622/Ayane_Sakura;Sakura, Ayane;Japanese
Your Lie in April;https://myanimelist.net/character/69405/Ryouta_Watari;Watari, Ryouta;Main;https://myanimelist.net/people/15743/Ryota_Osaka;Osaka, Ryota;Japanese
Your Lie in April;https://myanimelist.net/character/85841/Emi_Igawa;Igawa, Emi;Supporting;https://myanimelist.net/people/869/Saori_Hayami;Hayami, Saori;Japanese
Your Lie in April;https://myanimelist.net/character/120711/Koharu_Seto;Seto, Koharu;Supporting;https://myanimelist.net/people/11297/Inori_Minase;Minase, Inori;Japanese
Your Lie in April;https://myanimelist.net/character/114053/Nagi_Aiza;Aiza, Nagi;Supporting;https://myanimelist.net/people/10765/Ai_Kayano;Kayano, Ai;Japanese
Your Lie in April;https://myanimelist.net/character/85839/Takeshi_Aiza;Aiza, Takeshi;Supporting;https://myanimelist.net/people/672/Yuki_Kaji;Kaji, Yuki;Japanese
Your Lie in April;https://myanimelist.net/character/114051/Hiroko_Seto;Seto, Hiroko;Supporting;https://myanimelist.net/people/602/Mie_Sonozaki;Sonozaki, Mie;Japanese
Your Lie in April;https://myanimelist.net/character/81725/Nao_Kashiwagi;Kashiwagi, Nao;Supporting;https://myanimelist.net/people/28755/Shizuka_Ishigami;Ishigami, Shizuka;Japanese
Descending Stories: Showa Genroku Rakugo Shinju;https://myanimelist.net/character/119763/Yakumo_Yuurakutei;Yuurakutei, Yakumo;Main;https://myanimelist.net/people/17/Akira_Ishida;Ishida, Akira;Japanese
Descending Stories: Showa Genroku Rakugo Shinju;https://myanimelist.net/character/119759/Yotarou;Yotarou;Main;https://myanimelist.net/people/1/Tomokazu_Seki;Seki, Tomokazu;Japanese
Descending Stories: Showa Genroku Rakugo Shinju;https://myanimelist.net/character/124423/Sukeroku_Yuurakutei;Yuurakutei, Sukeroku;Supporting;https://myanimelist.net/people/11/Kouichi_Yamadera;Yamadera, Kouichi;Japanese
Descending Stories: Showa Genroku Rakugo Shinju;https://myanimelist.net/character/119761/Konatsu;Konatsu;Supporting;https://myanimelist.net/people/34/Yuu_Kobayashi;Kobayashi, Yuu;Japanese
Descending Stories: Showa Genroku Rakugo Shinju;https://myanimelist.net/character/124424/Miyokichi;Miyokichi;Supporting;https://myanimelist.net/people/14/Megumi_Hayashibara;Hayashibara, Megumi;Japanese
Descending Stories: Showa Genroku Rakugo Shinju;https://myanimelist.net/character/137648/Matsuda;Matsuda;Supporting;https://myanimelist.net/people/7555/Shigeru_Ushiyama;Ushiyama, Shigeru;Japanese
Descending Stories: Showa Genroku Rakugo Shinju;https://myanimelist.net/character/149017/Shinnosuke;Shinnosuke;Supporting;https://myanimelist.net/people/10071/Mikako_Komatsu;Komatsu, Mikako;Japanese
Descending Stories: Showa Genroku Rakugo Shinju;https://myanimelist.net/character/137496/Mangetsu_Tsuburaya;Tsuburaya, Mangetsu;Supporting;https://myanimelist.net/people/68/Kouji_Yusa;Yusa, Kouji;Japanese
Descending Stories: Showa Genroku Rakugo Shinju;https://myanimelist.net/character/148682/Eisuke_Higuchi;Higuchi, Eisuke;Supporting;https://myanimelist.net/people/129/Toshihiko_Seki;Seki, Toshihiko;Japanese
Descending Stories: Showa Genroku Rakugo Shinju;https://myanimelist.net/character/149475/Koyuki;Koyuki;Supporting;https://myanimelist.net/people/25773/Ayaka_Asai;Asai, Ayaka;Japanese
Mushishi Zoku Shou 2nd Season;https://myanimelist.net/character/425/Ginko;Ginko;Main;https://myanimelist.net/people/216/Yuto_Nakano;Nakano, Yuto;Japanese
Mushishi Zoku Shou 2nd Season;https://myanimelist.net/character/39597/Narrator;Narrator;Supporting;https://myanimelist.net/people/155/Mika_Doi;Doi, Mika;Japanese
Mushishi Zoku Shou 2nd Season;https://myanimelist.net/character/120079/Shino;Shino;Supporting;https://myanimelist.net/people/30581/Megumi_Kobashi;Kobashi, Megumi;Japanese
Mushishi Zoku Shou 2nd Season;https://myanimelist.net/character/116277/Kaoru;Kaoru;Supporting;https://myanimelist.net/people/673/Toshio_Furukawa;Furukawa, Toshio;Japanese
Mushishi Zoku Shou 2nd Season;https://myanimelist.net/character/126469/Akane;Akane;Supporting;Not Available;Not Available;Not Available
Mushishi Zoku Shou 2nd Season;https://myanimelist.net/character/138781/Youkichi;Youkichi;Supporting;https://myanimelist.net/people/6175/Tomomichi_Nishimura;Nishimura, Tomomichi;Japanese
Mushishi Zoku Shou 2nd Season;https://myanimelist.net/character/141226/Suguro;Suguro;Supporting;https://myanimelist.net/people/259/Ryuusei_Nakao;Nakao, Ryuusei;Japanese
Mushishi Zoku Shou 2nd Season;https://myanimelist.net/character/138780/Mikage;Mikage;Supporting;https://myanimelist.net/people/6504/Reiko_Suzuki;Suzuki, Reiko;Japanese
Mushishi Zoku Shou 2nd Season;https://myanimelist.net/character/126470/Gen;Gen;Supporting;Not Available;Not Available;Not Available
Mushishi Zoku Shou 2nd Season;https://myanimelist.net/character/24126/Isaza;Isaza;Supporting;Not Available;Not Available;Not Available
Cowboy Bebop;https://myanimelist.net/character/1/Spike_Spiegel;Spiegel, Spike;Main;https://myanimelist.net/people/11/Kouichi_Yamadera;Yamadera, Kouichi;Japanese
Cowboy Bebop;https://myanimelist.net/character/16/Edward_Wong_Hau_Pepelu_Tivrusky_IV;Wong Hau Pepelu Tivrusky IV, Edward;Main;https://myanimelist.net/people/658/Aoi_Tada;Tada, Aoi;Japanese
Cowboy Bebop;https://myanimelist.net/character/2/Faye_Valentine;Valentine, Faye;Main;https://myanimelist.net/people/14/Megumi_Hayashibara;Hayashibara, Megumi;Japanese
Cowboy Bebop;https://myanimelist.net/character/3/Jet_Black;Black, Jet;Main;https://myanimelist.net/people/357/Unshou_Ishizuka;Ishizuka, Unshou;Japanese
Cowboy Bebop;https://myanimelist.net/character/4/Ein;Ein;Supporting;https://myanimelist.net/people/11/Kouichi_Yamadera;Yamadera, Kouichi;Japanese
Cowboy Bebop;https://myanimelist.net/character/2734/Vicious;Vicious;Supporting;https://myanimelist.net/people/84/Norio_Wakamoto;Wakamoto, Norio;Japanese
Cowboy Bebop;https://myanimelist.net/character/2736/Grencia_Mars_Elijah_Guo_Eckener;Eckener, Grencia Mars Elijah Guo;Supporting;https://myanimelist.net/people/262/Kenyuu_Horiuchi;Horiuchi, Kenyuu;Japanese
Cowboy Bebop;https://myanimelist.net/character/2735/Julia;Julia;Supporting;https://myanimelist.net/people/497/Gara_Takashima;Takashima, Gara;Japanese
Cowboy Bebop;https://myanimelist.net/character/23740/Andy_Von_de_Oniyate;Von de Oniyate, Andy;Supporting;https://myanimelist.net/people/179/Masashi_Ebara;Ebara, Masashi;Japanese
Cowboy Bebop;https://myanimelist.net/character/29313/Mad_Pierrot;Mad Pierrot;Supporting;https://myanimelist.net/people/330/Banjou_Ginga;Ginga, Banjou;Japanese
Fighting Spirit;https://myanimelist.net/character/15/Ippo_Makunouchi;Makunouchi, Ippo;Main;https://myanimelist.net/people/619/Kohei_Kiyasu;Kiyasu, Kohei;Japanese
Fighting Spirit;https://myanimelist.net/character/845/Mamoru_Takamura;Takamura, Mamoru;Main;https://myanimelist.net/people/113/Rikiya_Koyama;Koyama, Rikiya;Japanese
Fighting Spirit;https://myanimelist.net/character/846/Masaru_Aoki;Aoki, Masaru;Main;https://myanimelist.net/people/133/Wataru_Takagi;Takagi, Wataru;Japanese
Fighting Spirit;https://myanimelist.net/character/10156/Genji_Kamogawa;Kamogawa, Genji;Main;https://myanimelist.net/people/138/Kenji_Utsumi;Utsumi, Kenji;Japanese
Fighting Spirit;https://myanimelist.net/character/847/Tatsuya_Kimura;Kimura, Tatsuya;Main;https://myanimelist.net/people/63/Keiji_Fujiwara;Fujiwara, Keiji;Japanese
Fighting Spirit;https://myanimelist.net/character/1821/Takeshi_Sendo;Sendo, Takeshi;Supporting;https://myanimelist.net/people/173/Masaya_Onosaka;Onosaka, Masaya;Japanese
Fighting Spirit;https://myanimelist.net/character/10446/Alexander_Volg_Zangief;Zangief, Alexander Volg;Supporting;https://myanimelist.net/people/6/Toshiyuki_Morikawa;Morikawa, Toshiyuki;Japanese
Fighting Spirit;https://myanimelist.net/character/4110/Ichirou_Miyata;Miyata, Ichirou;Supporting;https://myanimelist.net/people/1/Tomokazu_Seki;Seki, Tomokazu;Japanese
Fighting Spirit;https://myanimelist.net/character/1817/Ryo_Mashiba;Mashiba, Ryo;Supporting;https://myanimelist.net/people/1414/Masahiko_Tanaka;Tanaka, Masahiko;Japanese
Fighting Spirit;https://myanimelist.net/character/5177/Eiji_Date;Date, Eiji;Supporting;https://myanimelist.net/people/807/Masaki_Aizawa;Aizawa, Masaki;Japanese
Princess Mononoke;https://myanimelist.net/character/2727/San;San;Main;https://myanimelist.net/people/641/Yuriko_Ishida;Ishida, Yuriko;Japanese
Princess Mononoke;https://myanimelist.net/character/2802/Ashitaka;Ashitaka;Main;https://myanimelist.net/people/951/Youji_Matsuda;Matsuda, Youji;Japanese
Princess Mononoke;https://myanimelist.net/character/14149/Kodama;Kodama;Supporting;Not Available;Not Available;Not Available
Princess Mononoke;https://myanimelist.net/character/9174/Moro;Moro;Supporting;https://myanimelist.net/people/1134/Akihiro_Miwa;Miwa, Akihiro;Japanese
Princess Mononoke;https://myanimelist.net/character/4781/Eboshi_Gozen;Gozen, Eboshi;Supporting;https://myanimelist.net/people/950/Yuko_Tanaka;Tanaka, Yuko;Japanese
Princess Mononoke;https://myanimelist.net/character/10484/Yakul;Yakul;Supporting;Not Available;Not Available;Not Available
Princess Mononoke;https://myanimelist.net/character/12728/The_Forest_Spirit;The Forest Spirit;Supporting;Not Available;Not Available;Not Available
Princess Mononoke;https://myanimelist.net/character/6801/Bou_Jiko;Jiko, Bou;Supporting;https://myanimelist.net/people/949/Kaoru_Kobayashi;Kobayashi, Kaoru;Japanese
Princess Mononoke;https://myanimelist.net/character/11362/Okkoto;Okkoto;Supporting;https://myanimelist.net/people/10208/Hisaya_Morishige;Morishige, Hisaya;Japanese
Princess Mononoke;https://myanimelist.net/character/11360/Toki;Toki;Supporting;https://myanimelist.net/people/425/Sumi_Shimamoto;Shimamoto, Sumi;Japanese
Code Geass: Lelouch of the Rebellion;https://myanimelist.net/character/417/Lelouch_Lamperouge;Lamperouge, Lelouch;Main;https://myanimelist.net/people/86/Jun_Fukuyama;Fukuyama, Jun;Japanese
Code Geass: Lelouch of the Rebellion;https://myanimelist.net/character/1111/CC;C.C.;Main;https://myanimelist.net/people/140/Yukana;Yukana;Japanese
Code Geass: Lelouch of the Rebellion;https://myanimelist.net/character/558/Kallen_Stadtfeld;Stadtfeld, Kallen;Main;https://myanimelist.net/people/70/Ami_Koshimizu;Koshimizu, Ami;Japanese
Code Geass: Lelouch of the Rebellion;https://myanimelist.net/character/559/Suzaku_Kururugi;Kururugi, Suzaku;Main;https://myanimelist.net/people/79/Takahiro_Sakurai;Sakurai, Takahiro;Japanese
Code Geass: Lelouch of the Rebellion;https://myanimelist.net/character/1113/Jeremiah_Gottwald;Gottwald, Jeremiah;Supporting;https://myanimelist.net/people/109/Ken_Narita;Narita, Ken;Japanese
Code Geass: Lelouch of the Rebellion;https://myanimelist.net/character/1120/Shirley_Fenette;Fenette, Shirley;Supporting;https://myanimelist.net/people/152/Fumiko_Orikasa;Orikasa, Fumiko;Japanese
Code Geass: Lelouch of the Rebellion;https://myanimelist.net/character/1130/Lloyd_Asplund;Asplund, Lloyd;Supporting;https://myanimelist.net/people/218/Tetsu_Shiratori;Shiratori, Tetsu;Japanese
Code Geass: Lelouch of the Rebellion;https://myanimelist.net/character/1114/Euphemia_li_Britannia;li Britannia, Euphemia;Supporting;https://myanimelist.net/people/323/Omi_Minami;Minami, Omi;Japanese
Code Geass: Lelouch of the Rebellion;https://myanimelist.net/character/1110/Nunnally_Lamperouge;Lamperouge, Nunnally;Supporting;https://myanimelist.net/people/78/Kaori_Nazuka;Nazuka, Kaori;Japanese
Code Geass: Lelouch of the Rebellion;https://myanimelist.net/character/797/Cornelia_li_Britannia;li Britannia, Cornelia;Supporting;https://myanimelist.net/people/62/Junko_Minagawa;Minagawa, Junko;Japanese
Samurai X: Trust and Betrayal;https://myanimelist.net/character/147/Kenshin_Himura;Himura, Kenshin;Main;https://myanimelist.net/people/108/Mayo_Suzukaze;Suzukaze, Mayo;Japanese
Samurai X: Trust and Betrayal;https://myanimelist.net/character/2616/Tomoe_Yukishiro;Yukishiro, Tomoe;Main;https://myanimelist.net/people/289/Junko_Iwao;Iwao, Junko;Japanese
Samurai X: Trust and Betrayal;https://myanimelist.net/character/1409/Hajime_Saitou;Saitou, Hajime;Supporting;https://myanimelist.net/people/572/Hirotaka_Suzuoki;Suzuoki, Hirotaka;Japanese
Samurai X: Trust and Betrayal;https://myanimelist.net/character/3683/Makoto_Shishio;Shishio, Makoto;Supporting;Not Available;Not Available;Not Available
Samurai X: Trust and Betrayal;https://myanimelist.net/character/2406/Seijuurou_Hiko;Hiko, Seijuurou;Supporting;https://myanimelist.net/people/598/Shuuichi_Ikeda;Ikeda, Shuuichi;Japanese
Samurai X: Trust and Betrayal;https://myanimelist.net/character/5710/Enishi_Yukishiro;Yukishiro, Enishi;Supporting;https://myanimelist.net/people/286/Nozomu_Sasaki;Sasaki, Nozomu;Japanese
Samurai X: Trust and Betrayal;https://myanimelist.net/character/3402/Souji_Okita;Okita, Souji;Supporting;https://myanimelist.net/people/824/Akari_Hibino;Hibino, Akari;Japanese
Samurai X: Trust and Betrayal;https://myanimelist.net/character/79447/Shinsaku_Takasugi;Takasugi, Shinsaku;Supporting;https://myanimelist.net/people/133/Wataru_Takagi;Takagi, Wataru;Japanese
Samurai X: Trust and Betrayal;https://myanimelist.net/character/18819/Tatsumi;Tatsumi;Supporting;https://myanimelist.net/people/12302/Minoru_Uchida;Uchida, Minoru;Japanese
Samurai X: Trust and Betrayal;https://myanimelist.net/character/18863/Kogoro_Katsura;Katsura, Kogoro;Supporting;https://myanimelist.net/people/1/Tomokazu_Seki;Seki, Tomokazu;Japanese
My Hero Academia 2;https://myanimelist.net/character/117909/Izuku_Midoriya;Midoriya, Izuku;Main;https://myanimelist.net/people/21971/Daiki_Yamashita;Yamashita, Daiki;Japanese
My Hero Academia 2;https://myanimelist.net/character/118489/Shouto_Todoroki;Todoroki, Shouto;Main;https://myanimelist.net/people/672/Yuki_Kaji;Kaji, Yuki;Japanese
My Hero Academia 2;https://myanimelist.net/character/117911/Katsuki_Bakugou;Bakugou, Katsuki;Main;https://myanimelist.net/people/270/Nobuhiko_Okamoto;Okamoto, Nobuhiko;Japanese
My Hero Academia 2;https://myanimelist.net/character/117921/All_Might;All Might;Main;https://myanimelist.net/people/720/Kenta_Miyake;Miyake, Kenta;Japanese
My Hero Academia 2;https://myanimelist.net/character/117917/Ochako_Uraraka;Uraraka, Ochako;Main;https://myanimelist.net/people/11622/Ayane_Sakura;Sakura, Ayane;Japanese
My Hero Academia 2;https://myanimelist.net/character/117913/Tenya_Iida;Iida, Tenya;Main;https://myanimelist.net/people/20156/Kaito_Ishikawa;Ishikawa, Kaito;Japanese
My Hero Academia 2;https://myanimelist.net/character/119209/Tsuyu_Asui;Asui, Tsuyu;Supporting;https://myanimelist.net/people/6686/Aoi_Yuuki;Yuuki, Aoi;Japanese
My Hero Academia 2;https://myanimelist.net/character/117915/Shouta_Aizawa;Aizawa, Shouta;Supporting;https://myanimelist.net/people/95/Junichi_Suwabe;Suwabe, Junichi;Japanese
My Hero Academia 2;https://myanimelist.net/character/118487/Eijirou_Kirishima;Kirishima, Eijirou;Supporting;https://myanimelist.net/people/12017/Toshiki_Masuda;Masuda, Toshiki;Japanese
My Hero Academia 2;https://myanimelist.net/character/129826/Fumikage_Tokoyami;Tokoyami, Fumikage;Supporting;https://myanimelist.net/people/5626/Yoshimasa_Hosoya;Hosoya, Yoshimasa;Japanese
Monogatari Series: Second Season;https://myanimelist.net/character/22037/Hitagi_Senjougahara;Senjougahara, Hitagi;Main;https://myanimelist.net/people/61/Chiwa_Saito;Saito, Chiwa;Japanese
Monogatari Series: Second Season;https://myanimelist.net/character/23602/Shinobu_Oshino;Oshino, Shinobu;Main;https://myanimelist.net/people/90/Maaya_Sakamoto;Sakamoto, Maaya;Japanese
Monogatari Series: Second Season;https://myanimelist.net/character/22036/Koyomi_Araragi;Araragi, Koyomi;Main;https://myanimelist.net/people/118/Hiroshi_Kamiya;Kamiya, Hiroshi;Japanese
Monogatari Series: Second Season;https://myanimelist.net/character/53641/Deishuu_Kaiki;Kaiki, Deishuu;Main;https://myanimelist.net/people/22/Shinichiro_Miki;Miki, Shinichiro;Japanese
Monogatari Series: Second Season;https://myanimelist.net/character/22055/Tsubasa_Hanekawa;Hanekawa, Tsubasa;Main;https://myanimelist.net/people/28/Yui_Horie;Horie, Yui;Japanese
Monogatari Series: Second Season;https://myanimelist.net/character/22052/Mayoi_Hachikuji;Hachikuji, Mayoi;Main;https://myanimelist.net/people/52/Emiri_Katou;Katou, Emiri;Japanese
Monogatari Series: Second Season;https://myanimelist.net/character/22050/Nadeko_Sengoku;Sengoku, Nadeko;Main;https://myanimelist.net/people/185/Kana_Hanazawa;Hanazawa, Kana;Japanese
Monogatari Series: Second Season;https://myanimelist.net/character/22054/Suruga_Kanbaru;Kanbaru, Suruga;Supporting;https://myanimelist.net/people/99/Miyuki_Sawashiro;Sawashiro, Miyuki;Japanese
Monogatari Series: Second Season;https://myanimelist.net/character/22552/Meme_Oshino;Oshino, Meme;Supporting;https://myanimelist.net/people/79/Takahiro_Sakurai;Sakurai, Takahiro;Japanese
Monogatari Series: Second Season;https://myanimelist.net/character/90393/Ougi_Oshino;Oshino, Ougi;Supporting;https://myanimelist.net/people/156/Kaori_Mizuhashi;Mizuhashi, Kaori;Japanese
MUSHI-SHI -Next Passage-;https://myanimelist.net/character/425/Ginko;Ginko;Main;https://myanimelist.net/people/216/Yuto_Nakano;Nakano, Yuto;Japanese
MUSHI-SHI -Next Passage-;https://myanimelist.net/character/4071/Adashino;Adashino;Supporting;https://myanimelist.net/people/58/Yuji_Ueda;Ueda, Yuji;Japanese
MUSHI-SHI -Next Passage-;https://myanimelist.net/character/39597/Narrator;Narrator;Supporting;https://myanimelist.net/people/155/Mika_Doi;Doi, Mika;Japanese
MUSHI-SHI -Next Passage-;https://myanimelist.net/character/105349/Toki;Toki;Supporting;https://myanimelist.net/people/21011/Shinichirou_Ueda;Ueda, Shinichirou;Japanese
MUSHI-SHI -Next Passage-;https://myanimelist.net/character/105473/Mina;Mina;Supporting;https://myanimelist.net/people/31205/Ayaka_Tsuda;Tsuda, Ayaka;Japanese
MUSHI-SHI -Next Passage-;https://myanimelist.net/character/107649/Teru;Teru;Supporting;https://myanimelist.net/people/7263/Yoko_Hikasa;Hikasa, Yoko;Japanese
MUSHI-SHI -Next Passage-;https://myanimelist.net/character/126265/Masumi;Masumi;Supporting;https://myanimelist.net/people/17629/Haruka_Shiraishi;Shiraishi, Haruka;Japanese
MUSHI-SHI -Next Passage-;https://myanimelist.net/character/126264/Masaki;Masaki;Supporting;https://myanimelist.net/people/1469/Mitsuru_Miyamoto;Miyamoto, Mitsuru;Japanese
MUSHI-SHI -Next Passage-;https://myanimelist.net/character/126266/Musume;Musume;Supporting;https://myanimelist.net/people/5142/Yui_Ishikawa;Ishikawa, Yui;Japanese
MUSHI-SHI -Next Passage-;https://myanimelist.net/character/126267/Saho;Saho;Supporting;https://myanimelist.net/people/1118/Sumi_Mutou;Mutou, Sumi;Japanese
Wolf Children;https://myanimelist.net/character/60279/Hana;Hana;Main;https://myanimelist.net/people/1055/Aoi_Miyazaki;Miyazaki, Aoi;Japanese
Wolf Children;https://myanimelist.net/character/60283/Ame;Ame;Main;https://myanimelist.net/people/16543/Yukito_Nishii;Nishii, Yukito;Japanese
Wolf Children;https://myanimelist.net/character/60281/Yuki;Yuki;Main;https://myanimelist.net/people/16545/Haru_Kuroki;Kuroki, Haru;Japanese
Wolf Children;https://myanimelist.net/character/60285/Ookami;Ookami;Main;https://myanimelist.net/people/16541/Takao_Osawa;Osawa, Takao;Japanese
Wolf Children;https://myanimelist.net/character/65339/Souhei_Fujii;Fujii, Souhei;Supporting;https://myanimelist.net/people/21267/Takuma_Hiraoka;Hiraoka, Takuma;Japanese
Wolf Children;https://myanimelist.net/character/97529/Nirasaki;Nirasaki;Supporting;https://myanimelist.net/people/1265/Bunta_Sugawara;Sugawara, Bunta;Japanese
Wolf Children;https://myanimelist.net/character/96343/Wife_Horita;Horita, Wife;Supporting;https://myanimelist.net/people/13156/Kumiko_Aso;Aso, Kumiko;Japanese
Wolf Children;https://myanimelist.net/character/108615/Shino;Shino;Supporting;Not Available;Not Available;Not Available
Wolf Children;https://myanimelist.net/character/65341/Souheis_Mother;Souhei's Mother;Supporting;https://myanimelist.net/people/14/Megumi_Hayashibara;Hayashibara, Megumi;Japanese
Wolf Children;https://myanimelist.net/character/141178/Keno;Keno;Supporting;https://myanimelist.net/people/39943/Mone_Kamishiraishi;Kamishiraishi, Mone;Japanese
NGNL Zero, NGNL the Movie;https://myanimelist.net/character/117063/Schwi_Dola;Dola, Schwi;Main;https://myanimelist.net/people/10765/Ai_Kayano;Kayano, Ai;Japanese
NGNL Zero, NGNL the Movie;https://myanimelist.net/character/117061/Riku_Dola;Dola, Riku;Main;https://myanimelist.net/people/11817/Yoshitsugu_Matsuoka;Matsuoka, Yoshitsugu;Japanese
NGNL Zero, NGNL the Movie;https://myanimelist.net/character/117065/Couronne_Dola;Dola, Couronne;Main;https://myanimelist.net/people/7263/Yoko_Hikasa;Hikasa, Yoko;Japanese
NGNL Zero, NGNL the Movie;https://myanimelist.net/character/82523/Sora;Sora;Supporting;https://myanimelist.net/people/11817/Yoshitsugu_Matsuoka;Matsuoka, Yoshitsugu;Japanese
NGNL Zero, NGNL the Movie;https://myanimelist.net/character/82525/Shiro;Shiro;Supporting;https://myanimelist.net/people/10765/Ai_Kayano;Kayano, Ai;Japanese
NGNL Zero, NGNL the Movie;https://myanimelist.net/character/97761/Jibril;Jibril;Supporting;https://myanimelist.net/people/27/Yukari_Tamura;Tamura, Yukari;Japanese
NGNL Zero, NGNL the Movie;https://myanimelist.net/character/82527/Stephanie_Dola;Dola, Stephanie;Supporting;https://myanimelist.net/people/7263/Yoko_Hikasa;Hikasa, Yoko;Japanese
NGNL Zero, NGNL the Movie;https://myanimelist.net/character/97767/Izuna_Hatsuse;Hatsuse, Izuna;Supporting;https://myanimelist.net/people/99/Miyuki_Sawashiro;Sawashiro, Miyuki;Japanese
NGNL Zero, NGNL the Movie;https://myanimelist.net/character/97769/Teto;Teto;Supporting;https://myanimelist.net/people/8/Rie_Kugimiya;Kugimiya, Rie;Japanese
NGNL Zero, NGNL the Movie;https://myanimelist.net/character/117069/Azriel;Azriel;Supporting;https://myanimelist.net/people/28/Yui_Horie;Horie, Yui;Japanese
Mushi-Shi;https://myanimelist.net/character/425/Ginko;Ginko;Main;https://myanimelist.net/people/216/Yuto_Nakano;Nakano, Yuto;Japanese
Mushi-Shi;https://myanimelist.net/character/13714/Tanyuu_Karibusa;Karibusa, Tanyuu;Supporting;https://myanimelist.net/people/924/Miyu_Tsuzurahara;Tsuzurahara, Miyu;Japanese
Mushi-Shi;https://myanimelist.net/character/5167/Nui;Nui;Supporting;https://myanimelist.net/people/155/Mika_Doi;Doi, Mika;Japanese
Mushi-Shi;https://myanimelist.net/character/4071/Adashino;Adashino;Supporting;https://myanimelist.net/people/58/Yuji_Ueda;Ueda, Yuji;Japanese
Mushi-Shi;https://myanimelist.net/character/39597/Narrator;Narrator;Supporting;https://myanimelist.net/people/155/Mika_Doi;Doi, Mika;Japanese
Mushi-Shi;https://myanimelist.net/character/23796/Sui;Sui;Supporting;https://myanimelist.net/people/9509/Akiko_Oka;Oka, Akiko;Japanese
Mushi-Shi;https://myanimelist.net/character/23845/Maho;Maho;Supporting;https://myanimelist.net/people/6445/Yuutaro_Honjou;Honjou, Yuutaro;Japanese
Mushi-Shi;https://myanimelist.net/character/19708/Koro;Koro;Supporting;https://myanimelist.net/people/706/Takeshi_Maeda;Maeda, Takeshi;Japanese
Mushi-Shi;https://myanimelist.net/character/23764/Shinra_Ioroi;Ioroi, Shinra;Supporting;https://myanimelist.net/people/407/Yuuko_Sanpei;Sanpei, Yuuko;Japanese
Mushi-Shi;https://myanimelist.net/character/24129/Nami;Nami;Supporting;https://myanimelist.net/people/723/Satomi_Akesaka;Akesaka, Satomi;Japanese
Natsume's Book of Friends Season 6;https://myanimelist.net/character/13783/Takashi_Natsume;Natsume, Takashi;Main;https://myanimelist.net/people/118/Hiroshi_Kamiya;Kamiya, Hiroshi;Japanese
Natsume's Book of Friends Season 6;https://myanimelist.net/character/13784/Madara;Madara;Main;https://myanimelist.net/people/21/Kazuhiko_Inoue;Inoue, Kazuhiko;Japanese
Natsume's Book of Friends Season 6;https://myanimelist.net/character/13886/Reiko_Natsume;Natsume, Reiko;Supporting;https://myanimelist.net/people/149/Sanae_Kobayashi;Kobayashi, Sanae;Japanese
Natsume's Book of Friends Season 6;https://myanimelist.net/character/13888/Kaname_Tanuma;Tanuma, Kaname;Supporting;https://myanimelist.net/people/456/Kazuma_Horie;Horie, Kazuma;Japanese
Natsume's Book of Friends Season 6;https://myanimelist.net/character/13887/Shuuichi_Natori;Natori, Shuuichi;Supporting;https://myanimelist.net/people/17/Akira_Ishida;Ishida, Akira;Japanese
Natsume's Book of Friends Season 6;https://myanimelist.net/character/19515/Tooru_Taki;Taki, Tooru;Supporting;https://myanimelist.net/people/241/Rina_Satou;Satou, Rina;Japanese
Natsume's Book of Friends Season 6;https://myanimelist.net/character/19455/Hinoe;Hinoe;Supporting;https://myanimelist.net/people/76/Akemi_Okamura;Okamura, Akemi;Japanese
Natsume's Book of Friends Season 6;https://myanimelist.net/character/19546/Touko_Fujiwara;Fujiwara, Touko;Supporting;https://myanimelist.net/people/121/Miki_Itou;Itou, Miki;Japanese
Natsume's Book of Friends Season 6;https://myanimelist.net/character/19023/Hiiragi;Hiiragi;Supporting;https://myanimelist.net/people/3/Satsuki_Yukino;Yukino, Satsuki;Japanese
Natsume's Book of Friends Season 6;https://myanimelist.net/character/25272/Misuzu;Misuzu;Supporting;https://myanimelist.net/people/1122/Takaya_Kuroda;Kuroda, Takaya;Japanese
Great Teacher Onizuka;https://myanimelist.net/character/434/Eikichi_Onizuka;Onizuka, Eikichi;Main;https://myanimelist.net/people/133/Wataru_Takagi;Takagi, Wataru;Japanese
Great Teacher Onizuka;https://myanimelist.net/character/455/Urumi_Kanzaki;Kanzaki, Urumi;Main;https://myanimelist.net/people/9/Kotono_Mitsuishi;Mitsuishi, Kotono;Japanese
Great Teacher Onizuka;https://myanimelist.net/character/6238/Hiroshi_Uchiyamada;Uchiyamada, Hiroshi;Main;https://myanimelist.net/people/898/Cho;Cho;Japanese
Great Teacher Onizuka;https://myanimelist.net/character/3604/Yoshito_Kikuchi;Kikuchi, Yoshito;Main;https://myanimelist.net/people/112/Hikaru_Midorikawa;Midorikawa, Hikaru;Japanese
Great Teacher Onizuka;https://myanimelist.net/character/6231/Tomoko_Nomura;Nomura, Tomoko;Main;https://myanimelist.net/people/13/Ayako_Kawasumi;Kawasumi, Ayako;Japanese
Great Teacher Onizuka;https://myanimelist.net/character/5947/Noboru_Yoshikawa;Yoshikawa, Noboru;Main;https://myanimelist.net/people/434/Kousuke_Okano;Okano, Kousuke;Japanese
Great Teacher Onizuka;https://myanimelist.net/character/3529/Azusa_Fuyutsuki;Fuyutsuki, Azusa;Main;https://myanimelist.net/people/152/Fumiko_Orikasa;Orikasa, Fumiko;Japanese
Great Teacher Onizuka;https://myanimelist.net/character/4119/Kunio_Murai;Murai, Kunio;Main;https://myanimelist.net/people/1/Tomokazu_Seki;Seki, Tomokazu;Japanese
Great Teacher Onizuka;https://myanimelist.net/character/6232/Miyabi_Aizawa;Aizawa, Miyabi;Main;https://myanimelist.net/people/277/Junko_Noda;Noda, Junko;Japanese
Great Teacher Onizuka;https://myanimelist.net/character/2264/Ryuuji_Danma;Danma, Ryuuji;Supporting;https://myanimelist.net/people/899/Isshin_Chiba;Chiba, Isshin;Japanese
Gurren Lagann;https://myanimelist.net/character/2075/Kamina;Kamina;Main;https://myanimelist.net/people/20/Katsuyuki_Konishi;Konishi, Katsuyuki;Japanese
Gurren Lagann;https://myanimelist.net/character/2257/Simon;Simon;Main;https://myanimelist.net/people/37/Takayuki_Sugou;Sugou, Takayuki;Japanese
Gurren Lagann;https://myanimelist.net/character/2063/Yoko_Littner;Littner, Yoko;Main;https://myanimelist.net/people/158/Marina_Inoue;Inoue, Marina;Japanese
Gurren Lagann;https://myanimelist.net/character/2761/Nia_Teppelin;Teppelin, Nia;Main;https://myanimelist.net/people/359/Yukari_Fukui;Fukui, Yukari;Japanese
Gurren Lagann;https://myanimelist.net/character/2378/Viral;Viral;Supporting;https://myanimelist.net/people/257/Nobuyuki_Hiyama;Hiyama, Nobuyuki;Japanese
Gurren Lagann;https://myanimelist.net/character/3434/Kittan_Bachika;Bachika, Kittan;Supporting;https://myanimelist.net/people/196/Kishou_Taniyama;Taniyama, Kishou;Japanese
Gurren Lagann;https://myanimelist.net/character/4700/Boota;Boota;Supporting;https://myanimelist.net/people/93/Shizuka_Itou;Itou, Shizuka;Japanese
Gurren Lagann;https://myanimelist.net/character/5118/Lordgenome;Lordgenome;Supporting;https://myanimelist.net/people/5923/Narushi_Ikeda;Ikeda, Narushi;Japanese
Gurren Lagann;https://myanimelist.net/character/2376/Leeron_Littner;Littner, Leeron;Supporting;https://myanimelist.net/people/173/Masaya_Onosaka;Onosaka, Masaya;Japanese
Gurren Lagann;https://myanimelist.net/character/2377/Rossiu_Adai;Adai, Rossiu;Supporting;https://myanimelist.net/people/91/Jouji_Nakata;Nakata, Jouji;Japanese
Fighting Spirit: New Challenger;https://myanimelist.net/character/15/Ippo_Makunouchi;Makunouchi, Ippo;Main;https://myanimelist.net/people/619/Kohei_Kiyasu;Kiyasu, Kohei;Japanese
Fighting Spirit: New Challenger;https://myanimelist.net/character/845/Mamoru_Takamura;Takamura, Mamoru;Main;https://myanimelist.net/people/113/Rikiya_Koyama;Koyama, Rikiya;Japanese
Fighting Spirit: New Challenger;https://myanimelist.net/character/846/Masaru_Aoki;Aoki, Masaru;Main;https://myanimelist.net/people/133/Wataru_Takagi;Takagi, Wataru;Japanese
Fighting Spirit: New Challenger;https://myanimelist.net/character/10156/Genji_Kamogawa;Kamogawa, Genji;Main;https://myanimelist.net/people/138/Kenji_Utsumi;Utsumi, Kenji;Japanese
Fighting Spirit: New Challenger;https://myanimelist.net/character/847/Tatsuya_Kimura;Kimura, Tatsuya;Main;https://myanimelist.net/people/63/Keiji_Fujiwara;Fujiwara, Keiji;Japanese
Fighting Spirit: New Challenger;https://myanimelist.net/character/5184/Manabu_Itagaki;Itagaki, Manabu;Main;https://myanimelist.net/people/87/Daisuke_Namikawa;Namikawa, Daisuke;Japanese
Fighting Spirit: New Challenger;https://myanimelist.net/character/1821/Takeshi_Sendo;Sendo, Takeshi;Supporting;https://myanimelist.net/people/173/Masaya_Onosaka;Onosaka, Masaya;Japanese
Fighting Spirit: New Challenger;https://myanimelist.net/character/4110/Ichirou_Miyata;Miyata, Ichirou;Supporting;https://myanimelist.net/people/1/Tomokazu_Seki;Seki, Tomokazu;Japanese
Fighting Spirit: New Challenger;https://myanimelist.net/character/1817/Ryo_Mashiba;Mashiba, Ryo;Supporting;https://myanimelist.net/people/1414/Masahiko_Tanaka;Tanaka, Masahiko;Japanese
Fighting Spirit: New Challenger;https://myanimelist.net/character/5177/Eiji_Date;Date, Eiji;Supporting;https://myanimelist.net/people/807/Masaki_Aizawa;Aizawa, Masaki;Japanese
Howl's Moving Castle;https://myanimelist.net/character/507/Howl;Howl;Main;https://myanimelist.net/people/1137/Takuya_Kimura;Kimura, Takuya;Japanese
Howl's Moving Castle;https://myanimelist.net/character/508/Sophie_Hatter;Hatter, Sophie;Main;https://myanimelist.net/people/1056/Chieko_Baisho;Baisho, Chieko;Japanese
Howl's Moving Castle;https://myanimelist.net/character/6752/Calcifer;Calcifer;Supporting;https://myanimelist.net/people/1135/Tatsuya_Gashuin;Gashuin, Tatsuya;Japanese
Howl's Moving Castle;https://myanimelist.net/character/4987/Turnip_Head;Turnip Head;Supporting;https://myanimelist.net/people/948/Yo_Oizumi;Oizumi, Yo;Japanese
Howl's Moving Castle;https://myanimelist.net/character/509/Markl;Markl;Supporting;https://myanimelist.net/people/947/Ryunosuke_Kamiki;Kamiki, Ryunosuke;Japanese
Howl's Moving Castle;https://myanimelist.net/character/12188/Heen;Heen;Supporting;Not Available;Not Available;Not Available
Howl's Moving Castle;https://myanimelist.net/character/510/Witch_of_the_Waste;Witch of the Waste;Supporting;https://myanimelist.net/people/1134/Akihiro_Miwa;Miwa, Akihiro;Japanese
Howl's Moving Castle;https://myanimelist.net/character/135179/Suliman;Suliman;Supporting;https://myanimelist.net/people/18009/Haruko_Katou;Katou, Haruko;Japanese
One Punch Man;https://myanimelist.net/character/73935/Saitama;Saitama;Main;https://myanimelist.net/people/17635/Makoto_Furukawa;Furukawa, Makoto;Japanese
One Punch Man;https://myanimelist.net/character/73979/Genos;Genos;Main;https://myanimelist.net/people/20156/Kaito_Ishikawa;Ishikawa, Kaito;Japanese
One Punch Man;https://myanimelist.net/character/81935/Mumen_Rider;Mumen Rider;Supporting;https://myanimelist.net/people/513/Yuuichi_Nakamura;Nakamura, Yuuichi;Japanese
One Punch Man;https://myanimelist.net/character/81929/Tatsumaki;Tatsumaki;Supporting;https://myanimelist.net/people/6686/Aoi_Yuuki;Yuuki, Aoi;Japanese
One Punch Man;https://myanimelist.net/character/74167/Sonic;Sonic;Supporting;https://myanimelist.net/people/672/Yuki_Kaji;Kaji, Yuki;Japanese
One Punch Man;https://myanimelist.net/character/81931/Fubuki;Fubuki;Supporting;https://myanimelist.net/people/869/Saori_Hayami;Hayami, Saori;Japanese
One Punch Man;https://myanimelist.net/character/127446/Metal_Bat;Metal Bat;Supporting;https://myanimelist.net/people/98/Wataru_Hatano;Hatano, Wataru;Japanese
One Punch Man;https://myanimelist.net/character/94239/King;King;Supporting;https://myanimelist.net/people/25/Hiroki_Yasumoto;Yasumoto, Hiroki;Japanese
One Punch Man;https://myanimelist.net/character/86029/Puripuri_Prisoner;Puripuri Prisoner;Supporting;https://myanimelist.net/people/173/Masaya_Onosaka;Onosaka, Masaya;Japanese
One Punch Man;https://myanimelist.net/character/108235/Boros;Boros;Supporting;https://myanimelist.net/people/6/Toshiyuki_Morikawa;Morikawa, Toshiyuki;Japanese
The Disappearance of Haruhi Suzumiya;https://myanimelist.net/character/252/Kyon;Kyon;Main;https://myanimelist.net/people/2/Tomokazu_Sugita;Sugita, Tomokazu;Japanese
The Disappearance of Haruhi Suzumiya;https://myanimelist.net/character/249/Yuki_Nagato;Nagato, Yuki;Main;https://myanimelist.net/people/53/Minori_Chihara;Chihara, Minori;Japanese
The Disappearance of Haruhi Suzumiya;https://myanimelist.net/character/251/Haruhi_Suzumiya;Suzumiya, Haruhi;Supporting;https://myanimelist.net/people/4/Aya_Hirano;Hirano, Aya;Japanese
The Disappearance of Haruhi Suzumiya;https://myanimelist.net/character/253/Mikuru_Asahina;Asahina, Mikuru;Supporting;https://myanimelist.net/people/105/Yuuko_Gotou;Gotou, Yuuko;Japanese
The Disappearance of Haruhi Suzumiya;https://myanimelist.net/character/254/Itsuki_Koizumi;Koizumi, Itsuki;Supporting;https://myanimelist.net/people/212/Daisuke_Ono;Ono, Daisuke;Japanese
The Disappearance of Haruhi Suzumiya;https://myanimelist.net/character/256/Tsuruya;Tsuruya;Supporting;https://myanimelist.net/people/73/Yuki_Matsuoka;Matsuoka, Yuki;Japanese
The Disappearance of Haruhi Suzumiya;https://myanimelist.net/character/255/Ryouko_Asakura;Asakura, Ryouko;Supporting;https://myanimelist.net/people/136/Natsuko_Kuwatani;Kuwatani, Natsuko;Japanese
The Disappearance of Haruhi Suzumiya;https://myanimelist.net/character/912/Kyons_Sister;Kyon's Sister;Supporting;https://myanimelist.net/people/107/Sayaka_Aoki;Aoki, Sayaka;Japanese
The Disappearance of Haruhi Suzumiya;https://myanimelist.net/character/12660/Shamisen;Shamisen;Supporting;Not Available;Not Available;Not Available
The Disappearance of Haruhi Suzumiya;https://myanimelist.net/character/257/Taniguchi;Taniguchi;Supporting;https://myanimelist.net/people/261/Minoru_Shiraishi;Shiraishi, Minoru;Japanese
Natsume's Book of Friends Season 4;https://myanimelist.net/character/13783/Takashi_Natsume;Natsume, Takashi;Main;https://myanimelist.net/people/118/Hiroshi_Kamiya;Kamiya, Hiroshi;Japanese
Natsume's Book of Friends Season 4;https://myanimelist.net/character/13784/Madara;Madara;Main;https://myanimelist.net/people/21/Kazuhiko_Inoue;Inoue, Kazuhiko;Japanese
Natsume's Book of Friends Season 4;https://myanimelist.net/character/13886/Reiko_Natsume;Natsume, Reiko;Supporting;https://myanimelist.net/people/149/Sanae_Kobayashi;Kobayashi, Sanae;Japanese
Natsume's Book of Friends Season 4;https://myanimelist.net/character/13888/Kaname_Tanuma;Tanuma, Kaname;Supporting;https://myanimelist.net/people/456/Kazuma_Horie;Horie, Kazuma;Japanese
Natsume's Book of Friends Season 4;https://myanimelist.net/character/31303/Seiji_Matoba;Matoba, Seiji;Supporting;https://myanimelist.net/people/95/Junichi_Suwabe;Suwabe, Junichi;Japanese
Natsume's Book of Friends Season 4;https://myanimelist.net/character/13887/Shuuichi_Natori;Natori, Shuuichi;Supporting;https://myanimelist.net/people/17/Akira_Ishida;Ishida, Akira;Japanese
Natsume's Book of Friends Season 4;https://myanimelist.net/character/19515/Tooru_Taki;Taki, Tooru;Supporting;https://myanimelist.net/people/241/Rina_Satou;Satou, Rina;Japanese
Natsume's Book of Friends Season 4;https://myanimelist.net/character/19455/Hinoe;Hinoe;Supporting;https://myanimelist.net/people/76/Akemi_Okamura;Okamura, Akemi;Japanese
Natsume's Book of Friends Season 4;https://myanimelist.net/character/19546/Touko_Fujiwara;Fujiwara, Touko;Supporting;https://myanimelist.net/people/121/Miki_Itou;Itou, Miki;Japanese
Natsume's Book of Friends Season 4;https://myanimelist.net/character/19023/Hiiragi;Hiiragi;Supporting;https://myanimelist.net/people/3/Satsuki_Yukino;Yukino, Satsuki;Japanese
Shokugeki no Soma 4th Season, Food Wars! The Third Plate 2nd cour, Shokugeki no Souma: San no Sara (2018);https://myanimelist.net/character/75216/Souma_Yukihira;Yukihira, Souma;Main;https://myanimelist.net/people/11817/Yoshitsugu_Matsuoka;Matsuoka, Yoshitsugu;Japanese
Shokugeki no Soma 4th Season, Food Wars! The Third Plate 2nd cour, Shokugeki no Souma: San no Sara (2018);https://myanimelist.net/character/75284/Erina_Nakiri;Nakiri, Erina;Main;https://myanimelist.net/people/8555/Hisako_Kanemoto;Kanemoto, Hisako;Japanese
Shokugeki no Soma 4th Season, Food Wars! The Third Plate 2nd cour, Shokugeki no Souma: San no Sara (2018);https://myanimelist.net/character/76026/Megumi_Tadokoro;Tadokoro, Megumi;Main;https://myanimelist.net/people/22003/Minami_Takahashi;Takahashi, Minami;Japanese
Shokugeki no Soma 4th Season, Food Wars! The Third Plate 2nd cour, Shokugeki no Souma: San no Sara (2018);https://myanimelist.net/character/89339/Alice_Nakiri;Nakiri, Alice;Supporting;https://myanimelist.net/people/12652/Chinatsu_Akasaki;Akasaki, Chinatsu;Japanese
Shokugeki no Soma 4th Season, Food Wars! The Third Plate 2nd cour, Shokugeki no Souma: San no Sara (2018);https://myanimelist.net/character/129046/Rindou_Kobayashi;Kobayashi, Rindou;Supporting;https://myanimelist.net/people/93/Shizuka_Itou;Itou, Shizuka;Japanese
Shokugeki no Soma 4th Season, Food Wars! The Third Plate 2nd cour, Shokugeki no Souma: San no Sara (2018);https://myanimelist.net/character/78475/Satoshi_Isshiki;Isshiki, Satoshi;Supporting;https://myanimelist.net/people/79/Takahiro_Sakurai;Sakurai, Takahiro;Japanese
Shokugeki no Soma 4th Season, Food Wars! The Third Plate 2nd cour, Shokugeki no Souma: San no Sara (2018);https://myanimelist.net/character/77495/Jouichirou_Yukihira;Yukihira, Jouichirou;Supporting;https://myanimelist.net/people/113/Rikiya_Koyama;Koyama, Rikiya;Japanese
Shokugeki no Soma 4th Season, Food Wars! The Third Plate 2nd cour, Shokugeki no Souma: San no Sara (2018);https://myanimelist.net/character/129045/Eishi_Tsukasa;Tsukasa, Eishi;Supporting;https://myanimelist.net/people/17/Akira_Ishida;Ishida, Akira;Japanese
Shokugeki no Soma 4th Season, Food Wars! The Third Plate 2nd cour, Shokugeki no Souma: San no Sara (2018);https://myanimelist.net/character/96899/Hisako_Arato;Arato, Hisako;Supporting;https://myanimelist.net/people/19884/Saori_Oonishi;Oonishi, Saori;Japanese
Shokugeki no Soma 4th Season, Food Wars! The Third Plate 2nd cour, Shokugeki no Souma: San no Sara (2018);https://myanimelist.net/character/129051/Terunori_Kuga;Kuga, Terunori;Supporting;https://myanimelist.net/people/672/Yuki_Kaji;Kaji, Yuki;Japanese
Mushishi Tokubetsu-hen: Suzu no Shizuku, Mushishi: The Next Chapter - Drops of Bells;https://myanimelist.net/character/425/Ginko;Ginko;Main;https://myanimelist.net/people/216/Yuto_Nakano;Nakano, Yuto;Japanese
Mushishi Tokubetsu-hen: Suzu no Shizuku, Mushishi: The Next Chapter - Drops of Bells;https://myanimelist.net/character/131852/Kaya;Kaya;Supporting;https://myanimelist.net/people/23855/Tomomi_Saito;Saito, Tomomi;Japanese
Mushishi Tokubetsu-hen: Suzu no Shizuku, Mushishi: The Next Chapter - Drops of Bells;https://myanimelist.net/character/138855/Yoshirou;Yoshirou;Supporting;Not Available;Not Available;Not Available
Kizumonogatari Part 2: Nekketsu;https://myanimelist.net/character/23602/Shinobu_Oshino;Oshino, Shinobu;Main;https://myanimelist.net/people/90/Maaya_Sakamoto;Sakamoto, Maaya;Japanese
Kizumonogatari Part 2: Nekketsu;https://myanimelist.net/character/22036/Koyomi_Araragi;Araragi, Koyomi;Main;https://myanimelist.net/people/118/Hiroshi_Kamiya;Kamiya, Hiroshi;Japanese
Kizumonogatari Part 2: Nekketsu;https://myanimelist.net/character/22055/Tsubasa_Hanekawa;Hanekawa, Tsubasa;Main;https://myanimelist.net/people/28/Yui_Horie;Horie, Yui;Japanese
Kizumonogatari Part 2: Nekketsu;https://myanimelist.net/character/22552/Meme_Oshino;Oshino, Meme;Supporting;https://myanimelist.net/people/79/Takahiro_Sakurai;Sakurai, Takahiro;Japanese
Kizumonogatari Part 2: Nekketsu;https://myanimelist.net/character/42363/Episode;Episode;Supporting;https://myanimelist.net/people/88/Miyu_Irino;Irino, Miyu;Japanese
Kizumonogatari Part 2: Nekketsu;https://myanimelist.net/character/42364/Guillotinecutter;Guillotinecutter;Supporting;https://myanimelist.net/people/337/Houchuu_Ootsuka;Ootsuka, Houchuu;Japanese
Kizumonogatari Part 2: Nekketsu;https://myanimelist.net/character/42362/Dramaturgie;Dramaturgie;Supporting;https://myanimelist.net/people/179/Masashi_Ebara;Ebara, Masashi;Japanese
Monster;https://myanimelist.net/character/719/Johan_Liebert;Liebert, Johan;Main;https://myanimelist.net/people/286/Nozomu_Sasaki;Sasaki, Nozomu;Japanese
Monster;https://myanimelist.net/character/718/Kenzou_Tenma;Tenma, Kenzou;Main;https://myanimelist.net/people/174/Hidenobu_Kiuchi;Kiuchi, Hidenobu;Japanese
Monster;https://myanimelist.net/character/720/Anna_Liebert;Liebert, Anna;Main;https://myanimelist.net/people/40/Mamiko_Noto;Noto, Mamiko;Japanese
Monster;https://myanimelist.net/character/3096/Wolfgang_Grimmer;Grimmer, Wolfgang;Supporting;https://myanimelist.net/people/234/Hideyuki_Tanaka;Tanaka, Hideyuki;Japanese
Monster;https://myanimelist.net/character/721/Heinrich_Lunge;Lunge, Heinrich;Supporting;https://myanimelist.net/people/450/Tsutomu_Isobe;Isobe, Tsutomu;Japanese
Monster;https://myanimelist.net/character/6123/Eva_Heinemann;Heinemann, Eva;Supporting;https://myanimelist.net/people/571/Mami_Koyama;Koyama, Mami;Japanese
Monster;https://myanimelist.net/character/6329/Dieter;Dieter;Supporting;https://myanimelist.net/people/15/Junko_Takeuchi;Takeuchi, Junko;Japanese
Monster;https://myanimelist.net/character/12117/Martin_Reest;Reest, Martin;Supporting;https://myanimelist.net/people/598/Shuuichi_Ikeda;Ikeda, Shuuichi;Japanese
Monster;https://myanimelist.net/character/11080/Julius_Reichwein;Reichwein, Julius;Supporting;https://myanimelist.net/people/6730/Ichiro_Nagai;Nagai, Ichiro;Japanese
Monster;https://myanimelist.net/character/8611/Roberto;Roberto;Supporting;https://myanimelist.net/people/1672/Nobuyuki_Katsube;Katsube, Nobuyuki;Japanese
Bakuman.;https://myanimelist.net/character/14545/Moritaka_Mashiro;Mashiro, Moritaka;Main;https://myanimelist.net/people/991/Atsushi_Abe;Abe, Atsushi;Japanese
Bakuman.;https://myanimelist.net/character/14552/Akito_Takagi;Takagi, Akito;Main;https://myanimelist.net/people/245/Satoshi_Hino;Hino, Satoshi;Japanese
Bakuman.;https://myanimelist.net/character/16596/Eiji_Niizuma;Niizuma, Eiji;Supporting;https://myanimelist.net/people/270/Nobuhiko_Okamoto;Okamoto, Nobuhiko;Japanese
Bakuman.;https://myanimelist.net/character/22818/Kazuya_Hiramaru;Hiramaru, Kazuya;Supporting;https://myanimelist.net/people/205/Masakazu_Morita;Morita, Masakazu;Japanese
Bakuman.;https://myanimelist.net/character/21107/Shinta_Fukuda;Fukuda, Shinta;Supporting;https://myanimelist.net/people/95/Junichi_Suwabe;Suwabe, Junichi;Japanese
Bakuman.;https://myanimelist.net/character/14546/Miho_Azuki;Azuki, Miho;Supporting;https://myanimelist.net/people/869/Saori_Hayami;Hayami, Saori;Japanese
Bakuman.;https://myanimelist.net/character/18914/Akira_Hattori;Hattori, Akira;Supporting;https://myanimelist.net/people/10571/Kentarou_Tone;Tone, Kentarou;Japanese
Bakuman.;https://myanimelist.net/character/17976/Kaya_Miyoshi;Miyoshi, Kaya;Supporting;https://myanimelist.net/people/380/Sayuri_Yahagi;Yahagi, Sayuri;Japanese
Bakuman.;https://myanimelist.net/character/23482/Yuriko_Aoki;Aoki, Yuriko;Supporting;https://myanimelist.net/people/13/Ayako_Kawasumi;Kawasumi, Ayako;Japanese
Bakuman.;https://myanimelist.net/character/38651/Kouji_Yoshida;Yoshida, Kouji;Supporting;https://myanimelist.net/people/160/Takehito_Koyasu;Koyasu, Takehito;Japanese
Death Note;https://myanimelist.net/character/71/L_Lawliet;Lawliet, L;Main;https://myanimelist.net/people/67/Kappei_Yamaguchi;Yamaguchi, Kappei;Japanese
Death Note;https://myanimelist.net/character/80/Light_Yagami;Yagami, Light;Main;https://myanimelist.net/people/65/Mamoru_Miyano;Miyano, Mamoru;Japanese
Death Note;https://myanimelist.net/character/75/Ryuk;Ryuk;Main;https://myanimelist.net/people/292/Shidou_Nakamura;Nakamura, Shidou;Japanese
Death Note;https://myanimelist.net/character/464/Nate_River;River, Nate;Supporting;https://myanimelist.net/people/181/Noriko_Hidaka;Hidaka, Noriko;Japanese
Death Note;https://myanimelist.net/character/835/Misa_Amane;Amane, Misa;Supporting;https://myanimelist.net/people/4/Aya_Hirano;Hirano, Aya;Japanese
Death Note;https://myanimelist.net/character/463/Mihael_Keehl;Keehl, Mihael;Supporting;https://myanimelist.net/people/286/Nozomu_Sasaki;Sasaki, Nozomu;Japanese
Death Note;https://myanimelist.net/character/2730/Mail_Jeevas;Jeevas, Mail;Supporting;https://myanimelist.net/people/295/Tomohiro_Nishimura;Nishimura, Tomohiro;Japanese
Death Note;https://myanimelist.net/character/1904/Teru_Mikami;Mikami, Teru;Supporting;https://myanimelist.net/people/42/Masaya_Matsukaze;Matsukaze, Masaya;Japanese
Death Note;https://myanimelist.net/character/1906/Touta_Matsuda;Matsuda, Touta;Supporting;https://myanimelist.net/people/293/Ryou_Naitou;Naitou, Ryou;Japanese
Death Note;https://myanimelist.net/character/1905/Rem;Rem;Supporting;https://myanimelist.net/people/294/Kimiko_Saito;Saito, Kimiko;Japanese
